Subject,Filename,Aus,Emotion,OnsetFrame,ApexFrame,OffsetFrame,Unnamed: 7,label,Unnamed: 9,Unnamed: 10,Unnamed: 11,image_name,Unnamed: 13,Unnamed: 14,data_sub,Unnamed: 16,Unnamed: 17,Unnamed: 18,f_frame_path,imagename
1,EP02_01f,12,happiness,46,59,86,,1,,flow_img/sub01/u_test/,sub01_,sub01_EP02_01f. png,,,casme2_sub01_,casme2,sub01_EP02_01f .png,,flow_img/sub01/u_test/sub01_EP02_01f .png,sub01_EP02_01f.jpg
1,EP03_02,18,others,131,139,161,,4,,flow_img/sub01/u_test/,sub01_,sub01_EP03_02. png,,,casme2_sub01_,casme2,sub01_EP03_02 .png,,flow_img/sub01/u_test/sub01_EP03_02 .png,sub01_EP03_02.jpg
1,EP04_02,4,others,21,54,76,,4,,flow_img/sub01/u_test/,sub01_,sub01_EP04_02. png,,,casme2_sub01_,casme2,sub01_EP04_02 .png,,flow_img/sub01/u_test/sub01_EP04_02 .png,sub01_EP04_02.jpg
1,EP04_03,4,others,31,41,56,,4,,flow_img/sub01/u_test/,sub01_,sub01_EP04_03. png,,,casme2_sub01_,casme2,sub01_EP04_03 .png,,flow_img/sub01/u_test/sub01_EP04_03 .png,sub01_EP04_03.jpg
1,EP04_04,4,others,23,49,66,,4,,flow_img/sub01/u_test/,sub01_,sub01_EP04_04. png,,,casme2_sub01_,casme2,sub01_EP04_04 .png,,flow_img/sub01/u_test/sub01_EP04_04 .png,sub01_EP04_04.jpg
1,EP19_01,4,others,26,49,66,,4,,flow_img/sub01/u_test/,sub01_,sub01_EP19_01. png,,,casme2_sub01_,casme2,sub01_EP19_01 .png,,flow_img/sub01/u_test/sub01_EP19_01 .png,sub01_EP19_01.jpg
1,EP19_03f,4,others,81,96,161,,4,,flow_img/sub01/u_test/,sub01_,sub01_EP19_03f. png,,,casme2_sub01_,casme2,sub01_EP19_03f .png,,flow_img/sub01/u_test/sub01_EP19_03f .png,sub01_EP19_03f.jpg
1,EP19_05f,4+7+L10,disgust,396,416,446,,0,,flow_img/sub01/u_test/,sub01_,sub01_EP19_05f. png,,,casme2_sub01_,casme2,sub01_EP19_05f .png,,flow_img/sub01/u_test/sub01_EP19_05f .png,sub01_EP19_05f.jpg
1,EP19_06f,4+7+L10,disgust,36,71,161,,0,,flow_img/sub01/u_test/,sub01_,sub01_EP19_06f. png,,,casme2_sub01_,casme2,sub01_EP19_06f .png,,flow_img/sub01/u_test/sub01_EP19_06f .png,sub01_EP19_06f.jpg
2,EP01_11f,15,repression,46,91,96,,2,,flow_img/sub02/u_test/,sub02_,sub02_EP01_11f. png,,,casme2_sub02_,casme2,sub02_EP01_11f .png,,flow_img/sub02/u_test/sub02_EP01_11f .png,sub02_EP01_11f.jpg
2,EP02_04f,12+15,repression,31,79,141,,2,,flow_img/sub02/u_test/,sub02_,sub02_EP02_04f. png,,,casme2_sub02_,casme2,sub02_EP02_04f .png,,flow_img/sub02/u_test/sub02_EP02_04f .png,sub02_EP02_04f.jpg
2,EP03_02f,15,repression,16,81,136,,2,,flow_img/sub02/u_test/,sub02_,sub02_EP03_02f. png,,,casme2_sub02_,casme2,sub02_EP03_02f .png,,flow_img/sub02/u_test/sub02_EP03_02f .png,sub02_EP03_02f.jpg
2,EP06_01f,15,repression,56,121,155,,2,,flow_img/sub02/u_test/,sub02_,sub02_EP06_01f. png,,,casme2_sub02_,casme2,sub02_EP06_01f .png,,flow_img/sub02/u_test/sub02_EP06_01f .png,sub02_EP06_01f.jpg
2,EP06_02f,15,repression,36,64,111,,2,,flow_img/sub02/u_test/,sub02_,sub02_EP06_02f. png,,,casme2_sub02_,casme2,sub02_EP06_02f .png,,flow_img/sub02/u_test/sub02_EP06_02f .png,sub02_EP06_02f.jpg
2,EP08_04,14,others,16,69,106,,4,,flow_img/sub02/u_test/,sub02_,sub02_EP08_04. png,,,casme2_sub02_,casme2,sub02_EP08_04 .png,,flow_img/sub02/u_test/sub02_EP08_04 .png,sub02_EP08_04.jpg
2,EP09_01,1+12,happiness,26,56,125,,1,,flow_img/sub02/u_test/,sub02_,sub02_EP09_01. png,,,casme2_sub02_,casme2,sub02_EP09_01 .png,,flow_img/sub02/u_test/sub02_EP09_01 .png,sub02_EP09_01.jpg
2,EP09_06f,4,others,11,49,151,,4,,flow_img/sub02/u_test/,sub02_,sub02_EP09_06f. png,,,casme2_sub02_,casme2,sub02_EP09_06f .png,,flow_img/sub02/u_test/sub02_EP09_06f .png,sub02_EP09_06f.jpg
2,EP09_10,17,others,26,36,66,,4,,flow_img/sub02/u_test/,sub02_,sub02_EP09_10. png,,,casme2_sub02_,casme2,sub02_EP09_10 .png,,flow_img/sub02/u_test/sub02_EP09_10 .png,sub02_EP09_10.jpg
2,EP11_01,1+L2,surprise,16,69,106,,3,,flow_img/sub02/u_test/,sub02_,sub02_EP11_01. png,,,casme2_sub02_,casme2,sub02_EP11_01 .png,,flow_img/sub02/u_test/sub02_EP11_01 .png,sub02_EP11_01.jpg
2,EP13_04,1,surprise,21,51,76,,3,,flow_img/sub02/u_test/,sub02_,sub02_EP13_04. png,,,casme2_sub02_,casme2,sub02_EP13_04 .png,,flow_img/sub02/u_test/sub02_EP13_04 .png,sub02_EP13_04.jpg
2,EP14_01,1+L2,surprise,81,114,126,,3,,flow_img/sub02/u_test/,sub02_,sub02_EP14_01. png,,,casme2_sub02_,casme2,sub02_EP14_01 .png,,flow_img/sub02/u_test/sub02_EP14_01 .png,sub02_EP14_01.jpg
2,EP15_04,17,others,26,66,96,,4,,flow_img/sub02/u_test/,sub02_,sub02_EP15_04. png,,,casme2_sub02_,casme2,sub02_EP15_04 .png,,flow_img/sub02/u_test/sub02_EP15_04 .png,sub02_EP15_04.jpg
3,EP01_2,1,surprise,51,69,91,,3,,flow_img/sub03/u_test/,sub03_,sub03_EP01_2. png,,,casme2_sub03_,casme2,sub03_EP01_2 .png,,flow_img/sub03/u_test/sub03_EP01_2 .png,sub03_EP01_2.jpg
3,EP07_03,4,others,16,46,76,,4,,flow_img/sub03/u_test/,sub03_,sub03_EP07_03. png,,,casme2_sub03_,casme2,sub03_EP07_03 .png,,flow_img/sub03/u_test/sub03_EP07_03 .png,sub03_EP07_03.jpg
3,EP07_04,4+L10,disgust,21,81,106,,0,,flow_img/sub03/u_test/,sub03_,sub03_EP07_04. png,,,casme2_sub03_,casme2,sub03_EP07_04 .png,,flow_img/sub03/u_test/sub03_EP07_04 .png,sub03_EP07_04.jpg
3,EP08_1,4+17,others,11,44,91,,4,,flow_img/sub03/u_test/,sub03_,sub03_EP08_1. png,,,casme2_sub03_,casme2,sub03_EP08_1 .png,,flow_img/sub03/u_test/sub03_EP08_1 .png,sub03_EP08_1.jpg
3,EP09_03,4+17,disgust,61,76,121,,0,,flow_img/sub03/u_test/,sub03_,sub03_EP09_03. png,,,casme2_sub03_,casme2,sub03_EP09_03 .png,,flow_img/sub03/u_test/sub03_EP09_03 .png,sub03_EP09_03.jpg
3,EP18_06,4+7,disgust,26,81,126,,0,,flow_img/sub03/u_test/,sub03_,sub03_EP18_06. png,,,casme2_sub03_,casme2,sub03_EP18_06 .png,,flow_img/sub03/u_test/sub03_EP18_06 .png,sub03_EP18_06.jpg
3,EP19_08,4+7,disgust,101,121,141,,0,,flow_img/sub03/u_test/,sub03_,sub03_EP19_08. png,,,casme2_sub03_,casme2,sub03_EP19_08 .png,,flow_img/sub03/u_test/sub03_EP19_08 .png,sub03_EP19_08.jpg
4,EP12_02f,4+9+L10+14,disgust,356,387,406,,0,,flow_img/sub04/u_test/,sub04_,sub04_EP12_02f. png,,,casme2_sub04_,casme2,sub04_EP12_02f .png,,flow_img/sub04/u_test/sub04_EP12_02f .png,sub04_EP12_02f.jpg
4,EP13_02f,4,others,51,81,111,,4,,flow_img/sub04/u_test/,sub04_,sub04_EP13_02f. png,,,casme2_sub04_,casme2,sub04_EP13_02f .png,,flow_img/sub04/u_test/sub04_EP13_02f .png,sub04_EP13_02f.jpg
4,EP13_06f,4+6+7,disgust,71,108,161,,0,,flow_img/sub04/u_test/,sub04_,sub04_EP13_06f. png,,,casme2_sub04_,casme2,sub04_EP13_06f .png,,flow_img/sub04/u_test/sub04_EP13_06f .png,sub04_EP13_06f.jpg
4,EP19_01f,4,others,191,209,226,,4,,flow_img/sub04/u_test/,sub04_,sub04_EP19_01f. png,,,casme2_sub04_,casme2,sub04_EP19_01f .png,,flow_img/sub04/u_test/sub04_EP19_01f .png,sub04_EP19_01f.jpg
5,EP02_07,1+2,surprise,36,66,101,,3,,flow_img/sub05/u_test/,sub05_,sub05_EP02_07. png,,,casme2_sub05_,casme2,sub05_EP02_07 .png,,flow_img/sub05/u_test/sub05_EP02_07 .png,sub05_EP02_07.jpg
5,EP03_01,14,happiness,41,81,101,,1,,flow_img/sub05/u_test/,sub05_,sub05_EP03_01. png,,,casme2_sub05_,casme2,sub05_EP03_01 .png,,flow_img/sub05/u_test/sub05_EP03_01 .png,sub05_EP03_01.jpg
5,EP03_06,1,surprise,33,66,83,,3,,flow_img/sub05/u_test/,sub05_,sub05_EP03_06. png,,,casme2_sub05_,casme2,sub05_EP03_06 .png,,flow_img/sub05/u_test/sub05_EP03_06 .png,sub05_EP03_06.jpg
5,EP03_07,4,others,41,64,83,,4,,flow_img/sub05/u_test/,sub05_,sub05_EP03_07. png,,,casme2_sub05_,casme2,sub05_EP03_07 .png,,flow_img/sub05/u_test/sub05_EP03_07 .png,sub05_EP03_07.jpg
5,EP04_05,1+2,surprise,16,44,66,,3,,flow_img/sub05/u_test/,sub05_,sub05_EP04_05. png,,,casme2_sub05_,casme2,sub05_EP04_05 .png,,flow_img/sub05/u_test/sub05_EP04_05 .png,sub05_EP04_05.jpg
5,EP04_06,L2+12,surprise,6,49,91,,3,,flow_img/sub05/u_test/,sub05_,sub05_EP04_06. png,,,casme2_sub05_,casme2,sub05_EP04_06 .png,,flow_img/sub05/u_test/sub05_EP04_06 .png,sub05_EP04_06.jpg
5,EP05_03,16+24,others,51,71,141,,4,,flow_img/sub05/u_test/,sub05_,sub05_EP05_03. png,,,casme2_sub05_,casme2,sub05_EP05_03 .png,,flow_img/sub05/u_test/sub05_EP05_03 .png,sub05_EP05_03.jpg
5,EP05_09,16+24,others,49,94,136,,4,,flow_img/sub05/u_test/,sub05_,sub05_EP05_09. png,,,casme2_sub05_,casme2,sub05_EP05_09 .png,,flow_img/sub05/u_test/sub05_EP05_09 .png,sub05_EP05_09.jpg
5,EP06_10,4,others,85,116,136,,4,,flow_img/sub05/u_test/,sub05_,sub05_EP06_10. png,,,casme2_sub05_,casme2,sub05_EP06_10 .png,,flow_img/sub05/u_test/sub05_EP06_10 .png,sub05_EP06_10.jpg
5,EP07_01,6,others,49,66,106,,4,,flow_img/sub05/u_test/,sub05_,sub05_EP07_01. png,,,casme2_sub05_,casme2,sub05_EP07_01 .png,,flow_img/sub05/u_test/sub05_EP07_01 .png,sub05_EP07_01.jpg
5,EP08_05,4,others,6,39,71,,4,,flow_img/sub05/u_test/,sub05_,sub05_EP08_05. png,,,casme2_sub05_,casme2,sub05_EP08_05 .png,,flow_img/sub05/u_test/sub05_EP08_05 .png,sub05_EP08_05.jpg
5,EP12_03f,25,surprise,11,36,61,,3,,flow_img/sub05/u_test/,sub05_,sub05_EP12_03f. png,,,casme2_sub05_,casme2,sub05_EP12_03f .png,,flow_img/sub05/u_test/sub05_EP12_03f .png,sub05_EP12_03f.jpg
5,EP12_06,17,others,46,76,121,,4,,flow_img/sub05/u_test/,sub05_,sub05_EP12_06. png,,,casme2_sub05_,casme2,sub05_EP12_06 .png,,flow_img/sub05/u_test/sub05_EP12_06 .png,sub05_EP12_06.jpg
5,EP13_04f,12+16,others,36,69,111,,4,,flow_img/sub05/u_test/,sub05_,sub05_EP13_04f. png,,,casme2_sub05_,casme2,sub05_EP13_04f .png,,flow_img/sub05/u_test/sub05_EP13_04f .png,sub05_EP13_04f.jpg
5,EP13_06,4,others,16,46,76,,4,,flow_img/sub05/u_test/,sub05_,sub05_EP13_06. png,,,casme2_sub05_,casme2,sub05_EP13_06 .png,,flow_img/sub05/u_test/sub05_EP13_06 .png,sub05_EP13_06.jpg
5,EP16_03f,4,others,39,81,138,,4,,flow_img/sub05/u_test/,sub05_,sub05_EP16_03f. png,,,casme2_sub05_,casme2,sub05_EP16_03f .png,,flow_img/sub05/u_test/sub05_EP16_03f .png,sub05_EP16_03f.jpg
5,EP16_04f,4,others,141,181,181,,4,,flow_img/sub05/u_test/,sub05_,sub05_EP16_04f. png,,,casme2_sub05_,casme2,sub05_EP16_04f .png,,flow_img/sub05/u_test/sub05_EP16_04f .png,sub05_EP16_04f.jpg
5,EP19_03,4,others,6,29,58,,4,,flow_img/sub05/u_test/,sub05_,sub05_EP19_03. png,,,casme2_sub05_,casme2,sub05_EP19_03 .png,,flow_img/sub05/u_test/sub05_EP19_03 .png,sub05_EP19_03.jpg
6,EP01_01,L14,happiness,81,111,136,,1,,flow_img/sub06/u_test/,sub06_,sub06_EP01_01. png,,,casme2_sub06_,casme2,sub06_EP01_01 .png,,flow_img/sub06/u_test/sub06_EP01_01 .png,sub06_EP01_01.jpg
6,EP02_31,L2+26+38,surprise,99,131,148,,3,,flow_img/sub06/u_test/,sub06_,sub06_EP02_31. png,,,casme2_sub06_,casme2,sub06_EP02_31 .png,,flow_img/sub06/u_test/sub06_EP02_31 .png,sub06_EP02_31.jpg
6,EP10_08,4,others,116,139,161,,4,,flow_img/sub06/u_test/,sub06_,sub06_EP10_08. png,,,casme2_sub06_,casme2,sub06_EP10_08 .png,,flow_img/sub06/u_test/sub06_EP10_08 .png,sub06_EP10_08.jpg
6,EP15_02,R1+R2,surprise,56,79,106,,3,,flow_img/sub06/u_test/,sub06_,sub06_EP15_02. png,,,casme2_sub06_,casme2,sub06_EP15_02 .png,,flow_img/sub06/u_test/sub06_EP15_02 .png,sub06_EP15_02.jpg
6,EP16_05,L10,disgust,94,114,151,,0,,flow_img/sub06/u_test/,sub06_,sub06_EP16_05. png,,,casme2_sub06_,casme2,sub06_EP16_05 .png,,flow_img/sub06/u_test/sub06_EP16_05 .png,sub06_EP16_05.jpg
7,EP01_01,4+R10,disgust,79,109,156,,0,,flow_img/sub07/u_test/,sub07_,sub07_EP01_01. png,,,casme2_sub07_,casme2,sub07_EP01_01 .png,,flow_img/sub07/u_test/sub07_EP01_01 .png,sub07_EP01_01.jpg
7,EP03_04,R4,others,11,49,76,,4,,flow_img/sub07/u_test/,sub07_,sub07_EP03_04. png,,,casme2_sub07_,casme2,sub07_EP03_04 .png,,flow_img/sub07/u_test/sub07_EP03_04 .png,sub07_EP03_04.jpg
7,EP06_01,4+38,others,15,49,68,,4,,flow_img/sub07/u_test/,sub07_,sub07_EP06_01. png,,,casme2_sub07_,casme2,sub07_EP06_01 .png,,flow_img/sub07/u_test/sub07_EP06_01 .png,sub07_EP06_01.jpg
7,EP06_02_01,4+R10,disgust,11,66,91,,0,,flow_img/sub07/u_test/,sub07_,sub07_EP06_02_01. png,,,casme2_sub07_,casme2,sub07_EP06_02_01 .png,,flow_img/sub07/u_test/sub07_EP06_02_01 .png,sub07_EP06_02_01.jpg
7,EP06_02_02,4+R10,disgust,36,81,91,,0,,flow_img/sub07/u_test/,sub07_,sub07_EP06_02_02. png,,,casme2_sub07_,casme2,sub07_EP06_02_02 .png,,flow_img/sub07/u_test/sub07_EP06_02_02 .png,sub07_EP06_02_02.jpg
7,EP08_02,R4+R10,disgust,141,174,191,,0,,flow_img/sub07/u_test/,sub07_,sub07_EP08_02. png,,,casme2_sub07_,casme2,sub07_EP08_02 .png,,flow_img/sub07/u_test/sub07_EP08_02 .png,sub07_EP08_02.jpg
7,EP15_01,R10,disgust,36,64,91,,0,,flow_img/sub07/u_test/,sub07_,sub07_EP15_01. png,,,casme2_sub07_,casme2,sub07_EP15_01 .png,,flow_img/sub07/u_test/sub07_EP15_01 .png,sub07_EP15_01.jpg
7,EP18_01,R14,others,6,24,51,,4,,flow_img/sub07/u_test/,sub07_,sub07_EP18_01. png,,,casme2_sub07_,casme2,sub07_EP18_01 .png,,flow_img/sub07/u_test/sub07_EP18_01 .png,sub07_EP18_01.jpg
7,EP18_03,7,others,11,54,96,,4,,flow_img/sub07/u_test/,sub07_,sub07_EP18_03. png,,,casme2_sub07_,casme2,sub07_EP18_03 .png,,flow_img/sub07/u_test/sub07_EP18_03 .png,sub07_EP18_03.jpg
8,EP12_07f,4+7,others,26,74,118,,4,,flow_img/sub08/u_test/,sub08_,sub08_EP12_07f. png,,,casme2_sub08_,casme2,sub08_EP12_07f .png,,flow_img/sub08/u_test/sub08_EP12_07f .png,sub08_EP12_07f.jpg
8,EP12_08f,4,others,71,106,170,,4,,flow_img/sub08/u_test/,sub08_,sub08_EP12_08f. png,,,casme2_sub08_,casme2,sub08_EP12_08f .png,,flow_img/sub08/u_test/sub08_EP12_08f .png,sub08_EP12_08f.jpg
8,EP13_01f,15+17,repression,49,86,126,,2,,flow_img/sub08/u_test/,sub08_,sub08_EP13_01f. png,,,casme2_sub08_,casme2,sub08_EP13_01f .png,,flow_img/sub08/u_test/sub08_EP13_01f .png,sub08_EP13_01f.jpg
9,EP02_01f,L12,happiness,21,74,91,,1,,flow_img/sub09/u_test/,sub09_,sub09_EP02_01f. png,,,casme2_sub09_,casme2,sub09_EP02_01f .png,,flow_img/sub09/u_test/sub09_EP02_01f .png,sub09_EP02_01f.jpg
9,EP05_02,4+7,others,66,119,196,,4,,flow_img/sub09/u_test/,sub09_,sub09_EP05_02. png,,,casme2_sub09_,casme2,sub09_EP05_02 .png,,flow_img/sub09/u_test/sub09_EP05_02 .png,sub09_EP05_02.jpg
9,EP05_03,4+7,others,91,116,156,,4,,flow_img/sub09/u_test/,sub09_,sub09_EP05_03. png,,,casme2_sub09_,casme2,sub09_EP05_03 .png,,flow_img/sub09/u_test/sub09_EP05_03 .png,sub09_EP05_03.jpg
9,EP05_05,L12,happiness,46,84,96,,1,,flow_img/sub09/u_test/,sub09_,sub09_EP05_05. png,,,casme2_sub09_,casme2,sub09_EP05_05 .png,,flow_img/sub09/u_test/sub09_EP05_05 .png,sub09_EP05_05.jpg
9,EP06_01f,15,repression,66,144,186,,2,,flow_img/sub09/u_test/,sub09_,sub09_EP06_01f. png,,,casme2_sub09_,casme2,sub09_EP06_01f .png,,flow_img/sub09/u_test/sub09_EP06_01f .png,sub09_EP06_01f.jpg
9,EP06_02f,12+15,happiness,36,101,131,,1,,flow_img/sub09/u_test/,sub09_,sub09_EP06_02f. png,,,casme2_sub09_,casme2,sub09_EP06_02f .png,,flow_img/sub09/u_test/sub09_EP06_02f .png,sub09_EP06_02f.jpg
9,EP09_04,15+17,repression,26,71,146,,2,,flow_img/sub09/u_test/,sub09_,sub09_EP09_04. png,,,casme2_sub09_,casme2,sub09_EP09_04 .png,,flow_img/sub09/u_test/sub09_EP09_04 .png,sub09_EP09_04.jpg
9,EP09_05,15,repression,26,81,111,,2,,flow_img/sub09/u_test/,sub09_,sub09_EP09_05. png,,,casme2_sub09_,casme2,sub09_EP09_05 .png,,flow_img/sub09/u_test/sub09_EP09_05 .png,sub09_EP09_05.jpg
9,EP09f,12+15,happiness,26,64,86,,1,,flow_img/sub09/u_test/,sub09_,sub09_EP09f. png,,,casme2_sub09_,casme2,sub09_EP09f .png,,flow_img/sub09/u_test/sub09_EP09f .png,sub09_EP09f.jpg
9,EP13_01,17,repression,31,74,121,,2,,flow_img/sub09/u_test/,sub09_,sub09_EP13_01. png,,,casme2_sub09_,casme2,sub09_EP13_01 .png,,flow_img/sub09/u_test/sub09_EP13_01 .png,sub09_EP13_01.jpg
9,EP15_05,L12,happiness,56,91,111,,1,,flow_img/sub09/u_test/,sub09_,sub09_EP15_05. png,,,casme2_sub09_,casme2,sub09_EP15_05 .png,,flow_img/sub09/u_test/sub09_EP15_05 .png,sub09_EP15_05.jpg
9,EP17_08,17,repression,6,41,76,,2,,flow_img/sub09/u_test/,sub09_,sub09_EP17_08. png,,,casme2_sub09_,casme2,sub09_EP17_08 .png,,flow_img/sub09/u_test/sub09_EP17_08 .png,sub09_EP17_08.jpg
9,EP18_03,4+7,others,11,39,81,,4,,flow_img/sub09/u_test/,sub09_,sub09_EP18_03. png,,,casme2_sub09_,casme2,sub09_EP18_03 .png,,flow_img/sub09/u_test/sub09_EP18_03 .png,sub09_EP18_03.jpg
10,EP06_01f,4,others,11,54,101,,4,,flow_img/sub10/u_test/,sub10_,sub10_EP06_01f. png,,,casme2_sub10_,casme2,sub10_EP06_01f .png,,flow_img/sub10/u_test/sub10_EP06_01f .png,sub10_EP06_01f.jpg
10,EP08_01f,4,others,76,114,141,,4,,flow_img/sub10/u_test/,sub10_,sub10_EP08_01f. png,,,casme2_sub10_,casme2,sub10_EP08_01f .png,,flow_img/sub10/u_test/sub10_EP08_01f .png,sub10_EP08_01f.jpg
10,EP10_01f,4,others,111,136,171,,4,,flow_img/sub10/u_test/,sub10_,sub10_EP10_01f. png,,,casme2_sub10_,casme2,sub10_EP10_01f .png,,flow_img/sub10/u_test/sub10_EP10_01f .png,sub10_EP10_01f.jpg
10,EP11_01,4,others,31,64,101,,4,,flow_img/sub10/u_test/,sub10_,sub10_EP11_01. png,,,casme2_sub10_,casme2,sub10_EP11_01 .png,,flow_img/sub10/u_test/sub10_EP11_01 .png,sub10_EP11_01.jpg
10,EP11_01f,4,others,36,64,91,,4,,flow_img/sub10/u_test/,sub10_,sub10_EP11_01f. png,,,casme2_sub10_,casme2,sub10_EP11_01f .png,,flow_img/sub10/u_test/sub10_EP11_01f .png,sub10_EP11_01f.jpg
10,EP12_02f,4,others,26,54,86,,4,,flow_img/sub10/u_test/,sub10_,sub10_EP12_02f. png,,,casme2_sub10_,casme2,sub10_EP12_02f .png,,flow_img/sub10/u_test/sub10_EP12_02f .png,sub10_EP12_02f.jpg
10,EP12_03f,4,others,26,81,111,,4,,flow_img/sub10/u_test/,sub10_,sub10_EP12_03f. png,,,casme2_sub10_,casme2,sub10_EP12_03f .png,,flow_img/sub10/u_test/sub10_EP12_03f .png,sub10_EP12_03f.jpg
10,EP12_04,4,others,61,101,146,,4,,flow_img/sub10/u_test/,sub10_,sub10_EP12_04. png,,,casme2_sub10_,casme2,sub10_EP12_04 .png,,flow_img/sub10/u_test/sub10_EP12_04 .png,sub10_EP12_04.jpg
10,EP13_02f,4,others,41,109,131,,4,,flow_img/sub10/u_test/,sub10_,sub10_EP13_02f. png,,,casme2_sub10_,casme2,sub10_EP13_02f .png,,flow_img/sub10/u_test/sub10_EP13_02f .png,sub10_EP13_02f.jpg
10,EP13_03f,4,others,11,46,76,,4,,flow_img/sub10/u_test/,sub10_,sub10_EP13_03f. png,,,casme2_sub10_,casme2,sub10_EP13_03f .png,,flow_img/sub10/u_test/sub10_EP13_03f .png,sub10_EP13_03f.jpg
10,EP16_02f,4,others,21,64,110,,4,,flow_img/sub10/u_test/,sub10_,sub10_EP16_02f. png,,,casme2_sub10_,casme2,sub10_EP16_02f .png,,flow_img/sub10/u_test/sub10_EP16_02f .png,sub10_EP16_02f.jpg
10,EP18_01f,4,others,11,44,73,,4,,flow_img/sub10/u_test/,sub10_,sub10_EP18_01f. png,,,casme2_sub10_,casme2,sub10_EP18_01f .png,,flow_img/sub10/u_test/sub10_EP18_01f .png,sub10_EP18_01f.jpg
10,EP19_04f,4,others,81,84,126,,4,,flow_img/sub10/u_test/,sub10_,sub10_EP19_04f. png,,,casme2_sub10_,casme2,sub10_EP19_04f .png,,flow_img/sub10/u_test/sub10_EP19_04f .png,sub10_EP19_04f.jpg
11,EP02_06f,4+L14,others,71,96,116,,4,,flow_img/sub11/u_test/,sub11_,sub11_EP02_06f. png,,,casme2_sub11_,casme2,sub11_EP02_06f .png,,flow_img/sub11/u_test/sub11_EP02_06f .png,sub11_EP02_06f.jpg
11,EP08_01f,4,disgust,96,121,146,,0,,flow_img/sub11/u_test/,sub11_,sub11_EP08_01f. png,,,casme2_sub11_,casme2,sub11_EP08_01f .png,,flow_img/sub11/u_test/sub11_EP08_01f .png,sub11_EP08_01f.jpg
11,EP12_03f,4,others,91,141,185,,4,,flow_img/sub11/u_test/,sub11_,sub11_EP12_03f. png,,,casme2_sub11_,casme2,sub11_EP12_03f .png,,flow_img/sub11/u_test/sub11_EP12_03f .png,sub11_EP12_03f.jpg
11,EP13_02f,4+7+9+10,disgust,51,111,141,,0,,flow_img/sub11/u_test/,sub11_,sub11_EP13_02f. png,,,casme2_sub11_,casme2,sub11_EP13_02f .png,,flow_img/sub11/u_test/sub11_EP13_02f .png,sub11_EP13_02f.jpg
11,EP13_03f,4,disgust,6,49,81,,0,,flow_img/sub11/u_test/,sub11_,sub11_EP13_03f. png,,,casme2_sub11_,casme2,sub11_EP13_03f .png,,flow_img/sub11/u_test/sub11_EP13_03f .png,sub11_EP13_03f.jpg
11,EP13_05f,4+9,disgust,16,61,111,,0,,flow_img/sub11/u_test/,sub11_,sub11_EP13_05f. png,,,casme2_sub11_,casme2,sub11_EP13_05f .png,,flow_img/sub11/u_test/sub11_EP13_05f .png,sub11_EP13_05f.jpg
11,EP15_01f,4,others,56,89,111,,4,,flow_img/sub11/u_test/,sub11_,sub11_EP15_01f. png,,,casme2_sub11_,casme2,sub11_EP15_01f .png,,flow_img/sub11/u_test/sub11_EP15_01f .png,sub11_EP15_01f.jpg
11,EP15_04f,R14,others,61,76,96,,4,,flow_img/sub11/u_test/,sub11_,sub11_EP15_04f. png,,,casme2_sub11_,casme2,sub11_EP15_04f .png,,flow_img/sub11/u_test/sub11_EP15_04f .png,sub11_EP15_04f.jpg
11,EP18_03f,4,others,56,106,131,,4,,flow_img/sub11/u_test/,sub11_,sub11_EP18_03f. png,,,casme2_sub11_,casme2,sub11_EP18_03f .png,,flow_img/sub11/u_test/sub11_EP18_03f .png,sub11_EP18_03f.jpg
11,EP19_03f,4,others,11,94,151,,4,,flow_img/sub11/u_test/,sub11_,sub11_EP19_03f. png,,,casme2_sub11_,casme2,sub11_EP19_03f .png,,flow_img/sub11/u_test/sub11_EP19_03f .png,sub11_EP19_03f.jpg
12,EP01_02,4+10,disgust,31,99,106,,0,,flow_img/sub12/u_test/,sub12_,sub12_EP01_02. png,,,casme2_sub12_,casme2,sub12_EP01_02 .png,,flow_img/sub12/u_test/sub12_EP01_02 .png,sub12_EP01_02.jpg
12,EP02_05,1+2+5+7,surprise,41,61,140,,3,,flow_img/sub12/u_test/,sub12_,sub12_EP02_05. png,,,casme2_sub12_,casme2,sub12_EP02_05 .png,,flow_img/sub12/u_test/sub12_EP02_05 .png,sub12_EP02_05.jpg
12,EP03_02,12,others,26,59,91,,4,,flow_img/sub12/u_test/,sub12_,sub12_EP03_02. png,,,casme2_sub12_,casme2,sub12_EP03_02 .png,,flow_img/sub12/u_test/sub12_EP03_02 .png,sub12_EP03_02.jpg
12,EP03_04,6+12,happiness,60,129,156,,1,,flow_img/sub12/u_test/,sub12_,sub12_EP03_04. png,,,casme2_sub12_,casme2,sub12_EP03_04 .png,,flow_img/sub12/u_test/sub12_EP03_04 .png,sub12_EP03_04.jpg
12,EP04_16,1+4+7,disgust,36,56,135,,0,,flow_img/sub12/u_test/,sub12_,sub12_EP04_16. png,,,casme2_sub12_,casme2,sub12_EP04_16 .png,,flow_img/sub12/u_test/sub12_EP04_16 .png,sub12_EP04_16.jpg
12,EP06_06,1+2,surprise,36,76,111,,3,,flow_img/sub12/u_test/,sub12_,sub12_EP06_06. png,,,casme2_sub12_,casme2,sub12_EP06_06 .png,,flow_img/sub12/u_test/sub12_EP06_06 .png,sub12_EP06_06.jpg
12,EP08_01,1+2,surprise,46,81,106,,3,,flow_img/sub12/u_test/,sub12_,sub12_EP08_01. png,,,casme2_sub12_,casme2,sub12_EP08_01 .png,,flow_img/sub12/u_test/sub12_EP08_01 .png,sub12_EP08_01.jpg
12,EP08_03,1+2,surprise,76,114,156,,3,,flow_img/sub12/u_test/,sub12_,sub12_EP08_03. png,,,casme2_sub12_,casme2,sub12_EP08_03 .png,,flow_img/sub12/u_test/sub12_EP08_03 .png,sub12_EP08_03.jpg
12,EP08_07,R12,happiness,111,134,186,,1,,flow_img/sub12/u_test/,sub12_,sub12_EP08_07. png,,,casme2_sub12_,casme2,sub12_EP08_07 .png,,flow_img/sub12/u_test/sub12_EP08_07 .png,sub12_EP08_07.jpg
12,EP09_02,4+7+L2,disgust,16,59,101,,0,,flow_img/sub12/u_test/,sub12_,sub12_EP09_02. png,,,casme2_sub12_,casme2,sub12_EP09_02 .png,,flow_img/sub12/u_test/sub12_EP09_02 .png,sub12_EP09_02.jpg
12,EP09_06,4+7,disgust,66,111,111,,0,,flow_img/sub12/u_test/,sub12_,sub12_EP09_06. png,,,casme2_sub12_,casme2,sub12_EP09_06 .png,,flow_img/sub12/u_test/sub12_EP09_06 .png,sub12_EP09_06.jpg
12,EP16_02,4+5+7+9,disgust,136,189,226,,0,,flow_img/sub12/u_test/,sub12_,sub12_EP16_02. png,,,casme2_sub12_,casme2,sub12_EP16_02 .png,,flow_img/sub12/u_test/sub12_EP16_02 .png,sub12_EP16_02.jpg
13,EP01_01,4,others,76,111,131,,4,,flow_img/sub13/u_test/,sub13_,sub13_EP01_01. png,,,casme2_sub13_,casme2,sub13_EP01_01 .png,,flow_img/sub13/u_test/sub13_EP01_01 .png,sub13_EP01_01.jpg
13,EP01_02,14,others,76,101,116,,4,,flow_img/sub13/u_test/,sub13_,sub13_EP01_02. png,,,casme2_sub13_,casme2,sub13_EP01_02 .png,,flow_img/sub13/u_test/sub13_EP01_02 .png,sub13_EP01_02.jpg
13,EP02_02,14,others,11,34,68,,4,,flow_img/sub13/u_test/,sub13_,sub13_EP02_02. png,,,casme2_sub13_,casme2,sub13_EP02_02 .png,,flow_img/sub13/u_test/sub13_EP02_02 .png,sub13_EP02_02.jpg
13,EP02_03,14,others,26,59,66,,4,,flow_img/sub13/u_test/,sub13_,sub13_EP02_03. png,,,casme2_sub13_,casme2,sub13_EP02_03 .png,,flow_img/sub13/u_test/sub13_EP02_03 .png,sub13_EP02_03.jpg
13,EP03_01,12,happiness,31,86,111,,1,,flow_img/sub13/u_test/,sub13_,sub13_EP03_01. png,,,casme2_sub13_,casme2,sub13_EP03_01 .png,,flow_img/sub13/u_test/sub13_EP03_01 .png,sub13_EP03_01.jpg
13,EP08_01,4+5,others,54,81,106,,4,,flow_img/sub13/u_test/,sub13_,sub13_EP08_01. png,,,casme2_sub13_,casme2,sub13_EP08_01 .png,,flow_img/sub13/u_test/sub13_EP08_01 .png,sub13_EP08_01.jpg
13,EP09_10,6+12,happiness,51,76,126,,1,,flow_img/sub13/u_test/,sub13_,sub13_EP09_10. png,,,casme2_sub13_,casme2,sub13_EP09_10 .png,,flow_img/sub13/u_test/sub13_EP09_10 .png,sub13_EP09_10.jpg
13,EP12_01,4+5,others,6,41,61,,4,,flow_img/sub13/u_test/,sub13_,sub13_EP12_01. png,,,casme2_sub13_,casme2,sub13_EP12_01 .png,,flow_img/sub13/u_test/sub13_EP12_01 .png,sub13_EP12_01.jpg
14,EP04_04f,14,others,11,44,86,,4,,flow_img/sub14/u_test/,sub14_,sub14_EP04_04f. png,,,casme2_sub14_,casme2,sub14_EP04_04f .png,,flow_img/sub14/u_test/sub14_EP04_04f .png,sub14_EP04_04f.jpg
14,EP09_03,14,happiness,6,29,41,,1,,flow_img/sub14/u_test/,sub14_,sub14_EP09_03. png,,,casme2_sub14_,casme2,sub14_EP09_03 .png,,flow_img/sub14/u_test/sub14_EP09_03 .png,sub14_EP09_03.jpg
14,EP09_04,14,happiness,21,71,106,,1,,flow_img/sub14/u_test/,sub14_,sub14_EP09_04. png,,,casme2_sub14_,casme2,sub14_EP09_04 .png,,flow_img/sub14/u_test/sub14_EP09_04 .png,sub14_EP09_04.jpg
14,EP09_06,12,happiness,11,59,91,,1,,flow_img/sub14/u_test/,sub14_,sub14_EP09_06. png,,,casme2_sub14_,casme2,sub14_EP09_06 .png,,flow_img/sub14/u_test/sub14_EP09_06 .png,sub14_EP09_06.jpg
15,EP03_02,L12,happiness,16,49,76,,1,,flow_img/sub15/u_test/,sub15_,sub15_EP03_02. png,,,casme2_sub15_,casme2,sub15_EP03_02 .png,,flow_img/sub15/u_test/sub15_EP03_02 .png,sub15_EP03_02.jpg
15,EP04_02,1+R2+25,surprise,21,46,111,,3,,flow_img/sub15/u_test/,sub15_,sub15_EP04_02. png,,,casme2_sub15_,casme2,sub15_EP04_02 .png,,flow_img/sub15/u_test/sub15_EP04_02 .png,sub15_EP04_02.jpg
15,EP08_02,4+7,disgust,21,54,78,,0,,flow_img/sub15/u_test/,sub15_,sub15_EP08_02. png,,,casme2_sub15_,casme2,sub15_EP08_02 .png,,flow_img/sub15/u_test/sub15_EP08_02 .png,sub15_EP08_02.jpg
16,EP01_05,4+R12,happiness,66,106,156,,1,,flow_img/sub16/u_test/,sub16_,sub16_EP01_05. png,,,casme2_sub16_,casme2,sub16_EP01_05 .png,,flow_img/sub16/u_test/sub16_EP01_05 .png,sub16_EP01_05.jpg
16,EP01_08,17,repression,73,94,96,,2,,flow_img/sub16/u_test/,sub16_,sub16_EP01_08. png,,,casme2_sub16_,casme2,sub16_EP01_08 .png,,flow_img/sub16/u_test/sub16_EP01_08 .png,sub16_EP01_08.jpg
16,EP01_09f,4+12,others,51,76,163,,4,,flow_img/sub16/u_test/,sub16_,sub16_EP01_09f. png,,,casme2_sub16_,casme2,sub16_EP01_09f .png,,flow_img/sub16/u_test/sub16_EP01_09f .png,sub16_EP01_09f.jpg
16,EP04_02f,R12,happiness,181,269,271,,1,,flow_img/sub16/u_test/,sub16_,sub16_EP04_02f. png,,,casme2_sub16_,casme2,sub16_EP04_02f .png,,flow_img/sub16/u_test/sub16_EP04_02f .png,sub16_EP04_02f.jpg
17,EP01_06,12,happiness,81,86,121,,1,,flow_img/sub17/u_test/,sub17_,sub17_EP01_06. png,,,casme2_sub17_,casme2,sub17_EP01_06 .png,,flow_img/sub17/u_test/sub17_EP01_06 .png,sub17_EP01_06.jpg
17,EP01_13,2+5,surprise,76,134,166,,3,,flow_img/sub17/u_test/,sub17_,sub17_EP01_13. png,,,casme2_sub17_,casme2,sub17_EP01_13 .png,,flow_img/sub17/u_test/sub17_EP01_13 .png,sub17_EP01_13.jpg
17,EP01_15,12,happiness,86,101,126,,1,,flow_img/sub17/u_test/,sub17_,sub17_EP01_15. png,,,casme2_sub17_,casme2,sub17_EP01_15 .png,,flow_img/sub17/u_test/sub17_EP01_15 .png,sub17_EP01_15.jpg
17,EP02_01,4+6+7,disgust,91,119,136,,0,,flow_img/sub17/u_test/,sub17_,sub17_EP02_01. png,,,casme2_sub17_,casme2,sub17_EP02_01 .png,,flow_img/sub17/u_test/sub17_EP02_01 .png,sub17_EP02_01.jpg
17,EP02_03,4+7,disgust,81,109,131,,0,,flow_img/sub17/u_test/,sub17_,sub17_EP02_03. png,,,casme2_sub17_,casme2,sub17_EP02_03 .png,,flow_img/sub17/u_test/sub17_EP02_03 .png,sub17_EP02_03.jpg
17,EP02_11,4+9+17,disgust,161,181,210,,0,,flow_img/sub17/u_test/,sub17_,sub17_EP02_11. png,,,casme2_sub17_,casme2,sub17_EP02_11 .png,,flow_img/sub17/u_test/sub17_EP02_11 .png,sub17_EP02_11.jpg
17,EP02_18f,17,repression,91,134,181,,2,,flow_img/sub17/u_test/,sub17_,sub17_EP02_18f. png,,,casme2_sub17_,casme2,sub17_EP02_18f .png,,flow_img/sub17/u_test/sub17_EP02_18f .png,sub17_EP02_18f.jpg
17,EP03_02,6+7,disgust,118,139,161,,0,,flow_img/sub17/u_test/,sub17_,sub17_EP03_02. png,,,casme2_sub17_,casme2,sub17_EP03_02 .png,,flow_img/sub17/u_test/sub17_EP03_02 .png,sub17_EP03_02.jpg
17,EP03_09,12,happiness,96,132,161,,1,,flow_img/sub17/u_test/,sub17_,sub17_EP03_09. png,,,casme2_sub17_,casme2,sub17_EP03_09 .png,,flow_img/sub17/u_test/sub17_EP03_09 .png,sub17_EP03_09.jpg
17,EP05_02,12,happiness,25,91,121,,1,,flow_img/sub17/u_test/,sub17_,sub17_EP05_02. png,,,casme2_sub17_,casme2,sub17_EP05_02 .png,,flow_img/sub17/u_test/sub17_EP05_02 .png,sub17_EP05_02.jpg
17,EP05_03,12,happiness,21,56,101,,1,,flow_img/sub17/u_test/,sub17_,sub17_EP05_03. png,,,casme2_sub17_,casme2,sub17_EP05_03 .png,,flow_img/sub17/u_test/sub17_EP05_03 .png,sub17_EP05_03.jpg
17,EP05_03f,17,repression,11,59,76,,2,,flow_img/sub17/u_test/,sub17_,sub17_EP05_03f. png,,,casme2_sub17_,casme2,sub17_EP05_03f .png,,flow_img/sub17/u_test/sub17_EP05_03f .png,sub17_EP05_03f.jpg
17,EP05_04,17,repression,6,39,71,,2,,flow_img/sub17/u_test/,sub17_,sub17_EP05_04. png,,,casme2_sub17_,casme2,sub17_EP05_04 .png,,flow_img/sub17/u_test/sub17_EP05_04 .png,sub17_EP05_04.jpg
17,EP05_09,4+17,repression,121,144,196,,2,,flow_img/sub17/u_test/,sub17_,sub17_EP05_09. png,,,casme2_sub17_,casme2,sub17_EP05_09 .png,,flow_img/sub17/u_test/sub17_EP05_09 .png,sub17_EP05_09.jpg
17,EP05_10,17,repression,111,129,151,,2,,flow_img/sub17/u_test/,sub17_,sub17_EP05_10. png,,,casme2_sub17_,casme2,sub17_EP05_10 .png,,flow_img/sub17/u_test/sub17_EP05_10 .png,sub17_EP05_10.jpg
17,EP06_04,6+7,disgust,71,91,161,,0,,flow_img/sub17/u_test/,sub17_,sub17_EP06_04. png,,,casme2_sub17_,casme2,sub17_EP06_04 .png,,flow_img/sub17/u_test/sub17_EP06_04 .png,sub17_EP06_04.jpg
17,EP06_07,L12,happiness,216,225,246,,1,,flow_img/sub17/u_test/,sub17_,sub17_EP06_07. png,,,casme2_sub17_,casme2,sub17_EP06_07 .png,,flow_img/sub17/u_test/sub17_EP06_07 .png,sub17_EP06_07.jpg
17,EP06_08,17,repression,156,194,231,,2,,flow_img/sub17/u_test/,sub17_,sub17_EP06_08. png,,,casme2_sub17_,casme2,sub17_EP06_08 .png,,flow_img/sub17/u_test/sub17_EP06_08 .png,sub17_EP06_08.jpg
17,EP07_01,4+7,disgust,21,71,115,,0,,flow_img/sub17/u_test/,sub17_,sub17_EP07_01. png,,,casme2_sub17_,casme2,sub17_EP07_01 .png,,flow_img/sub17/u_test/sub17_EP07_01 .png,sub17_EP07_01.jpg
17,EP08_02,4+7,disgust,21,66,88,,0,,flow_img/sub17/u_test/,sub17_,sub17_EP08_02. png,,,casme2_sub17_,casme2,sub17_EP08_02 .png,,flow_img/sub17/u_test/sub17_EP08_02 .png,sub17_EP08_02.jpg
17,EP08_03,4,others,51,69,84,,4,,flow_img/sub17/u_test/,sub17_,sub17_EP08_03. png,,,casme2_sub17_,casme2,sub17_EP08_03 .png,,flow_img/sub17/u_test/sub17_EP08_03 .png,sub17_EP08_03.jpg
17,EP10_06,17,repression,104,121,161,,2,,flow_img/sub17/u_test/,sub17_,sub17_EP10_06. png,,,casme2_sub17_,casme2,sub17_EP10_06 .png,,flow_img/sub17/u_test/sub17_EP10_06 .png,sub17_EP10_06.jpg
17,EP11_01,4+7,disgust,9,31,53,,0,,flow_img/sub17/u_test/,sub17_,sub17_EP11_01. png,,,casme2_sub17_,casme2,sub17_EP11_01 .png,,flow_img/sub17/u_test/sub17_EP11_01 .png,sub17_EP11_01.jpg
17,EP11_02,4+7,disgust,36,81,121,,0,,flow_img/sub17/u_test/,sub17_,sub17_EP11_02. png,,,casme2_sub17_,casme2,sub17_EP11_02 .png,,flow_img/sub17/u_test/sub17_EP11_02 .png,sub17_EP11_02.jpg
17,EP12_03,17,repression,131,156,184,,2,,flow_img/sub17/u_test/,sub17_,sub17_EP12_03. png,,,casme2_sub17_,casme2,sub17_EP12_03 .png,,flow_img/sub17/u_test/sub17_EP12_03 .png,sub17_EP12_03.jpg
17,EP13_01,4,others,146,164,191,,4,,flow_img/sub17/u_test/,sub17_,sub17_EP13_01. png,,,casme2_sub17_,casme2,sub17_EP13_01 .png,,flow_img/sub17/u_test/sub17_EP13_01 .png,sub17_EP13_01.jpg
17,EP13_03,4+7,disgust,51,79,136,,0,,flow_img/sub17/u_test/,sub17_,sub17_EP13_03. png,,,casme2_sub17_,casme2,sub17_EP13_03 .png,,flow_img/sub17/u_test/sub17_EP13_03 .png,sub17_EP13_03.jpg
17,EP13_04,4+7,disgust,86,104,121,,0,,flow_img/sub17/u_test/,sub17_,sub17_EP13_04. png,,,casme2_sub17_,casme2,sub17_EP13_04 .png,,flow_img/sub17/u_test/sub17_EP13_04 .png,sub17_EP13_04.jpg
17,EP13_06,4+7,disgust,86,109,131,,0,,flow_img/sub17/u_test/,sub17_,sub17_EP13_06. png,,,casme2_sub17_,casme2,sub17_EP13_06 .png,,flow_img/sub17/u_test/sub17_EP13_06 .png,sub17_EP13_06.jpg
17,EP13_09,L12,happiness,6,46,101,,1,,flow_img/sub17/u_test/,sub17_,sub17_EP13_09. png,,,casme2_sub17_,casme2,sub17_EP13_09 .png,,flow_img/sub17/u_test/sub17_EP13_09 .png,sub17_EP13_09.jpg
17,EP15_04,17,repression,109,131,185,,2,,flow_img/sub17/u_test/,sub17_,sub17_EP15_04. png,,,casme2_sub17_,casme2,sub17_EP15_04 .png,,flow_img/sub17/u_test/sub17_EP15_04 .png,sub17_EP15_04.jpg
17,EP15_05,R14,others,21,49,66,,4,,flow_img/sub17/u_test/,sub17_,sub17_EP15_05. png,,,casme2_sub17_,casme2,sub17_EP15_05 .png,,flow_img/sub17/u_test/sub17_EP15_05 .png,sub17_EP15_05.jpg
17,EP16_01f,4+7+L9,disgust,8,29,71,,0,,flow_img/sub17/u_test/,sub17_,sub17_EP16_01f. png,,,casme2_sub17_,casme2,sub17_EP16_01f .png,,flow_img/sub17/u_test/sub17_EP16_01f .png,sub17_EP16_01f.jpg
17,EP18_07,4+7+9,disgust,36,69,103,,0,,flow_img/sub17/u_test/,sub17_,sub17_EP18_07. png,,,casme2_sub17_,casme2,sub17_EP18_07 .png,,flow_img/sub17/u_test/sub17_EP18_07 .png,sub17_EP18_07.jpg
18,EP08_01,4,others,111,139,147,,4,,flow_img/sub18/u_test/,sub18_,sub18_EP08_01. png,,,casme2_sub18_,casme2,sub18_EP08_01 .png,,flow_img/sub18/u_test/sub18_EP08_01 .png,sub18_EP08_01.jpg
18,EP18_01,4,others,66,91,126,,4,,flow_img/sub18/u_test/,sub18_,sub18_EP18_01. png,,,casme2_sub18_,casme2,sub18_EP18_01 .png,,flow_img/sub18/u_test/sub18_EP18_01 .png,sub18_EP18_01.jpg
18,EP19_01,4,others,95,121,140,,4,,flow_img/sub18/u_test/,sub18_,sub18_EP19_01. png,,,casme2_sub18_,casme2,sub18_EP19_01 .png,,flow_img/sub18/u_test/sub18_EP19_01 .png,sub18_EP19_01.jpg
19,EP01_01f,12,happiness,121,189,220,,1,,flow_img/sub19/u_test/,sub19_,sub19_EP01_01f. png,,,casme2_sub19_,casme2,sub19_EP01_01f .png,,flow_img/sub19/u_test/sub19_EP01_01f .png,sub19_EP01_01f.jpg
19,EP01_02f,12,happiness,36,61,127,,1,,flow_img/sub19/u_test/,sub19_,sub19_EP01_02f. png,,,casme2_sub19_,casme2,sub19_EP01_02f .png,,flow_img/sub19/u_test/sub19_EP01_02f .png,sub19_EP01_02f.jpg
19,EP02_01,L1+L2,surprise,91,119,151,,3,,flow_img/sub19/u_test/,sub19_,sub19_EP02_01. png,,,casme2_sub19_,casme2,sub19_EP02_01 .png,,flow_img/sub19/u_test/sub19_EP02_01 .png,sub19_EP02_01.jpg
19,EP06_01f,L1+L2,surprise,146,174,201,,3,,flow_img/sub19/u_test/,sub19_,sub19_EP06_01f. png,,,casme2_sub19_,casme2,sub19_EP06_01f .png,,flow_img/sub19/u_test/sub19_EP06_01f .png,sub19_EP06_01f.jpg
19,EP06_02f,6+12,others,211,264,291,,4,,flow_img/sub19/u_test/,sub19_,sub19_EP06_02f. png,,,casme2_sub19_,casme2,sub19_EP06_02f .png,,flow_img/sub19/u_test/sub19_EP06_02f .png,sub19_EP06_02f.jpg
19,EP08_02,12,happiness,76,119,155,,1,,flow_img/sub19/u_test/,sub19_,sub19_EP08_02. png,,,casme2_sub19_,casme2,sub19_EP08_02 .png,,flow_img/sub19/u_test/sub19_EP08_02 .png,sub19_EP08_02.jpg
19,EP11_01f,14,others,61,81,116,,4,,flow_img/sub19/u_test/,sub19_,sub19_EP11_01f. png,,,casme2_sub19_,casme2,sub19_EP11_01f .png,,flow_img/sub19/u_test/sub19_EP11_01f .png,sub19_EP11_01f.jpg
19,EP11_04f,L2+14,surprise,76,96,131,,3,,flow_img/sub19/u_test/,sub19_,sub19_EP11_04f. png,,,casme2_sub19_,casme2,sub19_EP11_04f .png,,flow_img/sub19/u_test/sub19_EP11_04f .png,sub19_EP11_04f.jpg
19,EP13_01,6,disgust,71,104,156,,0,,flow_img/sub19/u_test/,sub19_,sub19_EP13_01. png,,,casme2_sub19_,casme2,sub19_EP13_01 .png,,flow_img/sub19/u_test/sub19_EP13_01 .png,sub19_EP13_01.jpg
19,EP15_03f,12,others,51,81,101,,4,,flow_img/sub19/u_test/,sub19_,sub19_EP15_03f. png,,,casme2_sub19_,casme2,sub19_EP15_03f .png,,flow_img/sub19/u_test/sub19_EP15_03f .png,sub19_EP15_03f.jpg
19,EP16_01,9,disgust,86,109,136,,0,,flow_img/sub19/u_test/,sub19_,sub19_EP16_01. png,,,casme2_sub19_,casme2,sub19_EP16_01 .png,,flow_img/sub19/u_test/sub19_EP16_01 .png,sub19_EP16_01.jpg
19,EP16_02,9,disgust,61,79,101,,0,,flow_img/sub19/u_test/,sub19_,sub19_EP16_02. png,,,casme2_sub19_,casme2,sub19_EP16_02 .png,,flow_img/sub19/u_test/sub19_EP16_02 .png,sub19_EP16_02.jpg
19,EP19_01,4,others,66,86,101,,4,,flow_img/sub19/u_test/,sub19_,sub19_EP19_01. png,,,casme2_sub19_,casme2,sub19_EP19_01 .png,,flow_img/sub19/u_test/sub19_EP19_01 .png,sub19_EP19_01.jpg
19,EP19_02,L1+L2,surprise,106,129,151,,3,,flow_img/sub19/u_test/,sub19_,sub19_EP19_02. png,,,casme2_sub19_,casme2,sub19_EP19_02 .png,,flow_img/sub19/u_test/sub19_EP19_02 .png,sub19_EP19_02.jpg
19,EP19_03,L1+L2,surprise,61,91,116,,3,,flow_img/sub19/u_test/,sub19_,sub19_EP19_03. png,,,casme2_sub19_,casme2,sub19_EP19_03 .png,,flow_img/sub19/u_test/sub19_EP19_03 .png,sub19_EP19_03.jpg
20,EP01_03,L4,disgust,76,101,126,,0,,flow_img/sub20/u_test/,sub20_,sub20_EP01_03. png,,,casme2_sub20_,casme2,sub20_EP01_03 .png,,flow_img/sub20/u_test/sub20_EP01_03 .png,sub20_EP01_03.jpg
20,EP03_02,14,others,45,74,111,,4,,flow_img/sub20/u_test/,sub20_,sub20_EP03_02. png,,,casme2_sub20_,casme2,sub20_EP03_02 .png,,flow_img/sub20/u_test/sub20_EP03_02 .png,sub20_EP03_02.jpg
20,EP06_03,4,disgust,31,49,61,,0,,flow_img/sub20/u_test/,sub20_,sub20_EP06_03. png,,,casme2_sub20_,casme2,sub20_EP06_03 .png,,flow_img/sub20/u_test/sub20_EP06_03 .png,sub20_EP06_03.jpg
20,EP07_04,4,others,96,116,151,,4,,flow_img/sub20/u_test/,sub20_,sub20_EP07_04. png,,,casme2_sub20_,casme2,sub20_EP07_04 .png,,flow_img/sub20/u_test/sub20_EP07_04 .png,sub20_EP07_04.jpg
20,EP10_02,12,others,131,166,216,,4,,flow_img/sub20/u_test/,sub20_,sub20_EP10_02. png,,,casme2_sub20_,casme2,sub20_EP10_02 .png,,flow_img/sub20/u_test/sub20_EP10_02 .png,sub20_EP10_02.jpg
20,EP12_01,14,others,41,104,106,,4,,flow_img/sub20/u_test/,sub20_,sub20_EP12_01. png,,,casme2_sub20_,casme2,sub20_EP12_01 .png,,flow_img/sub20/u_test/sub20_EP12_01 .png,sub20_EP12_01.jpg
20,EP13_02,4,others,71,109,121,,4,,flow_img/sub20/u_test/,sub20_,sub20_EP13_02. png,,,casme2_sub20_,casme2,sub20_EP13_02 .png,,flow_img/sub20/u_test/sub20_EP13_02 .png,sub20_EP13_02.jpg
20,EP15_03f,4,others,86,129,181,,4,,flow_img/sub20/u_test/,sub20_,sub20_EP15_03f. png,,,casme2_sub20_,casme2,sub20_EP15_03f .png,,flow_img/sub20/u_test/sub20_EP15_03f .png,sub20_EP15_03f.jpg
20,EP16_01,4,others,71,111,111,,4,,flow_img/sub20/u_test/,sub20_,sub20_EP16_01. png,,,casme2_sub20_,casme2,sub20_EP16_01 .png,,flow_img/sub20/u_test/sub20_EP16_01 .png,sub20_EP16_01.jpg
20,EP16_04,14,others,81,106,121,,4,,flow_img/sub20/u_test/,sub20_,sub20_EP16_04. png,,,casme2_sub20_,casme2,sub20_EP16_04 .png,,flow_img/sub20/u_test/sub20_EP16_04 .png,sub20_EP16_04.jpg
20,EP18_03,4,others,48,90,126,,4,,flow_img/sub20/u_test/,sub20_,sub20_EP18_03. png,,,casme2_sub20_,casme2,sub20_EP18_03 .png,,flow_img/sub20/u_test/sub20_EP18_03 .png,sub20_EP18_03.jpg
21,EP01_07,4,others,6,21,36,,4,,flow_img/sub21/u_test/,sub21_,sub21_EP01_07. png,,,casme2_sub21_,casme2,sub21_EP01_07 .png,,flow_img/sub21/u_test/sub21_EP01_07 .png,sub21_EP01_07.jpg
21,EP05_02,12+15+17,repression,111,141,206,,2,,flow_img/sub21/u_test/,sub21_,sub21_EP05_02. png,,,casme2_sub21_,casme2,sub21_EP05_02 .png,,flow_img/sub21/u_test/sub21_EP05_02 .png,sub21_EP05_02.jpg
22,EP01_12,15+17,repression,50,119,146,,2,,flow_img/sub22/u_test/,sub22_,sub22_EP01_12. png,,,casme2_sub22_,casme2,sub22_EP01_12 .png,,flow_img/sub22/u_test/sub22_EP01_12 .png,sub22_EP01_12.jpg
22,EP13_08,15+17,repression,151,216,256,,2,,flow_img/sub22/u_test/,sub22_,sub22_EP13_08. png,,,casme2_sub22_,casme2,sub22_EP13_08 .png,,flow_img/sub22/u_test/sub22_EP13_08 .png,sub22_EP13_08.jpg
23,EP02_01,12+17,happiness,36,86,130,,1,,flow_img/sub23/u_test/,sub23_,sub23_EP02_01. png,,,casme2_sub23_,casme2,sub23_EP02_01 .png,,flow_img/sub23/u_test/sub23_EP02_01 .png,sub23_EP02_01.jpg
23,EP03_14f,4+R10,disgust,51,91,111,,0,,flow_img/sub23/u_test/,sub23_,sub23_EP03_14f. png,,,casme2_sub23_,casme2,sub23_EP03_14f .png,,flow_img/sub23/u_test/sub23_EP03_14f .png,sub23_EP03_14f.jpg
23,EP04_03f,12+15,repression,16,91,115,,2,,flow_img/sub23/u_test/,sub23_,sub23_EP04_03f. png,,,casme2_sub23_,casme2,sub23_EP04_03f .png,,flow_img/sub23/u_test/sub23_EP04_03f .png,sub23_EP04_03f.jpg
23,EP05_24f,4+15+17,repression,106,141,171,,2,,flow_img/sub23/u_test/,sub23_,sub23_EP05_24f. png,,,casme2_sub23_,casme2,sub23_EP05_24f .png,,flow_img/sub23/u_test/sub23_EP05_24f .png,sub23_EP05_24f.jpg
23,EP05_25f,4+10,disgust,51,86,131,,0,,flow_img/sub23/u_test/,sub23_,sub23_EP05_25f. png,,,casme2_sub23_,casme2,sub23_EP05_25f .png,,flow_img/sub23/u_test/sub23_EP05_25f .png,sub23_EP05_25f.jpg
23,EP07_01,4,others,36,64,96,,4,,flow_img/sub23/u_test/,sub23_,sub23_EP07_01. png,,,casme2_sub23_,casme2,sub23_EP07_01 .png,,flow_img/sub23/u_test/sub23_EP07_01 .png,sub23_EP07_01.jpg
23,EP12_02f,4+10,disgust,46,84,130,,0,,flow_img/sub23/u_test/,sub23_,sub23_EP12_02f. png,,,casme2_sub23_,casme2,sub23_EP12_02f .png,,flow_img/sub23/u_test/sub23_EP12_02f .png,sub23_EP12_02f.jpg
23,EP12_03,4+10,disgust,86,129,161,,0,,flow_img/sub23/u_test/,sub23_,sub23_EP12_03. png,,,casme2_sub23_,casme2,sub23_EP12_03 .png,,flow_img/sub23/u_test/sub23_EP12_03 .png,sub23_EP12_03.jpg
23,EP13_03,4,others,36,56,91,,4,,flow_img/sub23/u_test/,sub23_,sub23_EP13_03. png,,,casme2_sub23_,casme2,sub23_EP13_03 .png,,flow_img/sub23/u_test/sub23_EP13_03 .png,sub23_EP13_03.jpg
23,EP13_04,17,repression,21,41,86,,2,,flow_img/sub23/u_test/,sub23_,sub23_EP13_04. png,,,casme2_sub23_,casme2,sub23_EP13_04 .png,,flow_img/sub23/u_test/sub23_EP13_04 .png,sub23_EP13_04.jpg
23,EP13_07f,4,others,56,64,126,,4,,flow_img/sub23/u_test/,sub23_,sub23_EP13_07f. png,,,casme2_sub23_,casme2,sub23_EP13_07f .png,,flow_img/sub23/u_test/sub23_EP13_07f .png,sub23_EP13_07f.jpg
23,EP17_01,4,others,81,114,146,,4,,flow_img/sub23/u_test/,sub23_,sub23_EP17_01. png,,,casme2_sub23_,casme2,sub23_EP17_01 .png,,flow_img/sub23/u_test/sub23_EP17_01 .png,sub23_EP17_01.jpg
24,EP01_08,L7+L10,disgust,33,69,131,,0,,flow_img/sub24/u_test/,sub24_,sub24_EP01_08. png,,,casme2_sub24_,casme2,sub24_EP01_08 .png,,flow_img/sub24/u_test/sub24_EP01_08 .png,sub24_EP01_08.jpg
24,EP02_02f,4+7,disgust,71,94,106,,0,,flow_img/sub24/u_test/,sub24_,sub24_EP02_02f. png,,,casme2_sub24_,casme2,sub24_EP02_02f .png,,flow_img/sub24/u_test/sub24_EP02_02f .png,sub24_EP02_02f.jpg
24,EP07_01,1,surprise,24,41,66,,3,,flow_img/sub24/u_test/,sub24_,sub24_EP07_01. png,,,casme2_sub24_,casme2,sub24_EP07_01 .png,,flow_img/sub24/u_test/sub24_EP07_01 .png,sub24_EP07_01.jpg
24,EP07_04f,1+2,surprise,4,24,41,,3,,flow_img/sub24/u_test/,sub24_,sub24_EP07_04f. png,,,casme2_sub24_,casme2,sub24_EP07_04f .png,,flow_img/sub24/u_test/sub24_EP07_04f .png,sub24_EP07_04f.jpg
24,EP08_02,4,others,121,156,181,,4,,flow_img/sub24/u_test/,sub24_,sub24_EP08_02. png,,,casme2_sub24_,casme2,sub24_EP08_02 .png,,flow_img/sub24/u_test/sub24_EP08_02 .png,sub24_EP08_02.jpg
24,EP10_01f,4,others,131,149,154,,4,,flow_img/sub24/u_test/,sub24_,sub24_EP10_01f. png,,,casme2_sub24_,casme2,sub24_EP10_01f .png,,flow_img/sub24/u_test/sub24_EP10_01f .png,sub24_EP10_01f.jpg
24,EP10_02,4,others,101,121,136,,4,,flow_img/sub24/u_test/,sub24_,sub24_EP10_02. png,,,casme2_sub24_,casme2,sub24_EP10_02 .png,,flow_img/sub24/u_test/sub24_EP10_02 .png,sub24_EP10_02.jpg
24,EP10_03,1+2,surprise,334,356,376,,3,,flow_img/sub24/u_test/,sub24_,sub24_EP10_03. png,,,casme2_sub24_,casme2,sub24_EP10_03 .png,,flow_img/sub24/u_test/sub24_EP10_03 .png,sub24_EP10_03.jpg
24,EP12_01,L6,others,81,99,121,,4,,flow_img/sub24/u_test/,sub24_,sub24_EP12_01. png,,,casme2_sub24_,casme2,sub24_EP12_01 .png,,flow_img/sub24/u_test/sub24_EP12_01 .png,sub24_EP12_01.jpg
24,EP18_03,L1+L2,surprise,53,76,88,,3,,flow_img/sub24/u_test/,sub24_,sub24_EP18_03. png,,,casme2_sub24_,casme2,sub24_EP18_03 .png,,flow_img/sub24/u_test/sub24_EP18_03 .png,sub24_EP18_03.jpg
25,EP03_01,24,others,56,81,116,,4,,flow_img/sub25/u_test/,sub25_,sub25_EP03_01. png,,,casme2_sub25_,casme2,sub25_EP03_01 .png,,flow_img/sub25/u_test/sub25_EP03_01 .png,sub25_EP03_01.jpg
25,EP03_02,24,others,51,101,134,,4,,flow_img/sub25/u_test/,sub25_,sub25_EP03_02. png,,,casme2_sub25_,casme2,sub25_EP03_02 .png,,flow_img/sub25/u_test/sub25_EP03_02 .png,sub25_EP03_02.jpg
25,EP09_02,4+7,disgust,76,101,111,,0,,flow_img/sub25/u_test/,sub25_,sub25_EP09_02. png,,,casme2_sub25_,casme2,sub25_EP09_02 .png,,flow_img/sub25/u_test/sub25_EP09_02 .png,sub25_EP09_02.jpg
25,EP10_01,4+7,disgust,101,129,176,,0,,flow_img/sub25/u_test/,sub25_,sub25_EP10_01. png,,,casme2_sub25_,casme2,sub25_EP10_01 .png,,flow_img/sub25/u_test/sub25_EP10_01 .png,sub25_EP10_01.jpg
25,EP10_10,R1+R2,surprise,61,91,158,,3,,flow_img/sub25/u_test/,sub25_,sub25_EP10_10. png,,,casme2_sub25_,casme2,sub25_EP10_10 .png,,flow_img/sub25/u_test/sub25_EP10_10 .png,sub25_EP10_10.jpg
25,EP12_01,R2,surprise,131,151,186,,3,,flow_img/sub25/u_test/,sub25_,sub25_EP12_01. png,,,casme2_sub25_,casme2,sub25_EP12_01 .png,,flow_img/sub25/u_test/sub25_EP12_01 .png,sub25_EP12_01.jpg
25,EP18_04f,4+7,disgust,76,116,116,,0,,flow_img/sub25/u_test/,sub25_,sub25_EP18_04f. png,,,casme2_sub25_,casme2,sub25_EP18_04f .png,,flow_img/sub25/u_test/sub25_EP18_04f .png,sub25_EP18_04f.jpg
26,EP03_10,R12,happiness,116,149,201,,1,,flow_img/sub26/u_test/,sub26_,sub26_EP03_10. png,,,casme2_sub26_,casme2,sub26_EP03_10 .png,,flow_img/sub26/u_test/sub26_EP03_10 .png,sub26_EP03_10.jpg
26,EP07_28,14,others,31,51,71,,4,,flow_img/sub26/u_test/,sub26_,sub26_EP07_28. png,,,casme2_sub26_,casme2,sub26_EP07_28 .png,,flow_img/sub26/u_test/sub26_EP07_28 .png,sub26_EP07_28.jpg
26,EP07_37,14+24,others,92,119,190,,4,,flow_img/sub26/u_test/,sub26_,sub26_EP07_37. png,,,casme2_sub26_,casme2,sub26_EP07_37 .png,,flow_img/sub26/u_test/sub26_EP07_37 .png,sub26_EP07_37.jpg
26,EP08_04,4+7+12,others,31,79,89,,4,,flow_img/sub26/u_test/,sub26_,sub26_EP08_04. png,,,casme2_sub26_,casme2,sub26_EP08_04 .png,,flow_img/sub26/u_test/sub26_EP08_04 .png,sub26_EP08_04.jpg
26,EP09_04,4+7,disgust,31,56,91,,0,,flow_img/sub26/u_test/,sub26_,sub26_EP09_04. png,,,casme2_sub26_,casme2,sub26_EP09_04 .png,,flow_img/sub26/u_test/sub26_EP09_04 .png,sub26_EP09_04.jpg
26,EP09_09,4,disgust,46,76,101,,0,,flow_img/sub26/u_test/,sub26_,sub26_EP09_09. png,,,casme2_sub26_,casme2,sub26_EP09_09 .png,,flow_img/sub26/u_test/sub26_EP09_09 .png,sub26_EP09_09.jpg
26,EP13_01,14+24,others,4,29,61,,4,,flow_img/sub26/u_test/,sub26_,sub26_EP13_01. png,,,casme2_sub26_,casme2,sub26_EP13_01 .png,,flow_img/sub26/u_test/sub26_EP13_01 .png,sub26_EP13_01.jpg
26,EP13_02,R12,happiness,32,54,116,,1,,flow_img/sub26/u_test/,sub26_,sub26_EP13_02. png,,,casme2_sub26_,casme2,sub26_EP13_02 .png,,flow_img/sub26/u_test/sub26_EP13_02 .png,sub26_EP13_02.jpg
26,EP13_11,4,disgust,20,59,101,,0,,flow_img/sub26/u_test/,sub26_,sub26_EP13_11. png,,,casme2_sub26_,casme2,sub26_EP13_11 .png,,flow_img/sub26/u_test/sub26_EP13_11 .png,sub26_EP13_11.jpg
26,EP16_01,4,disgust,26,54,76,,0,,flow_img/sub26/u_test/,sub26_,sub26_EP16_01. png,,,casme2_sub26_,casme2,sub26_EP16_01 .png,,flow_img/sub26/u_test/sub26_EP16_01 .png,sub26_EP16_01.jpg
26,EP18_44,4,disgust,11,36,71,,0,,flow_img/sub26/u_test/,sub26_,sub26_EP18_44. png,,,casme2_sub26_,casme2,sub26_EP18_44 .png,,flow_img/sub26/u_test/sub26_EP18_44 .png,sub26_EP18_44.jpg
26,EP18_46,16,others,31,46,101,,4,,flow_img/sub26/u_test/,sub26_,sub26_EP18_46. png,,,casme2_sub26_,casme2,sub26_EP18_46 .png,,flow_img/sub26/u_test/sub26_EP18_46 .png,sub26_EP18_46.jpg
26,EP18_47,4,disgust,6,49,86,,0,,flow_img/sub26/u_test/,sub26_,sub26_EP18_47. png,,,casme2_sub26_,casme2,sub26_EP18_47 .png,,flow_img/sub26/u_test/sub26_EP18_47 .png,sub26_EP18_47.jpg
26,EP18_49,4,disgust,16,54,80,,0,,flow_img/sub26/u_test/,sub26_,sub26_EP18_49. png,,,casme2_sub26_,casme2,sub26_EP18_49 .png,,flow_img/sub26/u_test/sub26_EP18_49 .png,sub26_EP18_49.jpg
26,EP18_50,4,disgust,78,99,161,,0,,flow_img/sub26/u_test/,sub26_,sub26_EP18_50. png,,,casme2_sub26_,casme2,sub26_EP18_50 .png,,flow_img/sub26/u_test/sub26_EP18_50 .png,sub26_EP18_50.jpg
26,EP18_51,4+16,disgust,21,64,81,,0,,flow_img/sub26/u_test/,sub26_,sub26_EP18_51. png,,,casme2_sub26_,casme2,sub26_EP18_51 .png,,flow_img/sub26/u_test/sub26_EP18_51 .png,sub26_EP18_51.jpg
