data,subject,filename,onset,apex,label,onsetimg,apeximg,flowimg
casme2,sub01,EP02_01f,46,59,1,img46.jpg,img59.jpg,sub01_EP02_01f.jpg
casme2,sub01,EP03_02,131,139,4,img131.jpg,img139.jpg,sub01_EP03_02.jpg
casme2,sub01,EP04_02,21,54,4,img21.jpg,img54.jpg,sub01_EP04_02.jpg
casme2,sub01,EP04_03,31,41,4,img31.jpg,img41.jpg,sub01_EP04_03.jpg
casme2,sub01,EP04_04,23,49,4,img23.jpg,img49.jpg,sub01_EP04_04.jpg
casme2,sub01,EP19_01,26,49,4,img26.jpg,img49.jpg,sub01_EP19_01.jpg
casme2,sub01,EP19_03f,81,96,4,img81.jpg,img96.jpg,sub01_EP19_03f.jpg
casme2,sub01,EP19_05f,396,416,0,img396.jpg,img416.jpg,sub01_EP19_05f.jpg
casme2,sub01,EP19_06f,36,71,0,img36.jpg,img71.jpg,sub01_EP19_06f.jpg
casme2,sub02,EP01_11f,46,91,2,img46.jpg,img91.jpg,sub02_EP01_11f.jpg
casme2,sub02,EP02_04f,31,79,2,img31.jpg,img79.jpg,sub02_EP02_04f.jpg
casme2,sub02,EP03_02f,16,81,2,img16.jpg,img81.jpg,sub02_EP03_02f.jpg
casme2,sub02,EP06_01f,56,121,2,img56.jpg,img121.jpg,sub02_EP06_01f.jpg
casme2,sub02,EP06_02f,36,64,2,img36.jpg,img64.jpg,sub02_EP06_02f.jpg
casme2,sub02,EP08_04,16,69,4,img16.jpg,img69.jpg,sub02_EP08_04.jpg
casme2,sub02,EP09_01,26,56,1,img26.jpg,img56.jpg,sub02_EP09_01.jpg
casme2,sub02,EP09_06f,11,49,4,img11.jpg,img49.jpg,sub02_EP09_06f.jpg
casme2,sub02,EP09_10,26,36,4,img26.jpg,img36.jpg,sub02_EP09_10.jpg
casme2,sub02,EP11_01,16,69,3,img16.jpg,img69.jpg,sub02_EP11_01.jpg
casme2,sub02,EP13_04,21,51,3,img21.jpg,img51.jpg,sub02_EP13_04.jpg
casme2,sub02,EP14_01,81,114,3,img81.jpg,img114.jpg,sub02_EP14_01.jpg
casme2,sub02,EP15_04,26,66,4,img26.jpg,img66.jpg,sub02_EP15_04.jpg
casme2,sub03,EP01_2,51,69,3,img51.jpg,img69.jpg,sub03_EP01_2.jpg
casme2,sub03,EP07_03,16,46,4,img16.jpg,img46.jpg,sub03_EP07_03.jpg
casme2,sub03,EP07_04,21,81,0,img21.jpg,img81.jpg,sub03_EP07_04.jpg
casme2,sub03,EP08_1,11,44,4,img11.jpg,img44.jpg,sub03_EP08_1.jpg
casme2,sub03,EP09_03,61,76,0,img61.jpg,img76.jpg,sub03_EP09_03.jpg
casme2,sub03,EP18_06,26,81,0,img26.jpg,img81.jpg,sub03_EP18_06.jpg
casme2,sub03,EP19_08,101,121,0,img101.jpg,img121.jpg,sub03_EP19_08.jpg
casme2,sub04,EP12_02f,356,387,0,img356.jpg,img387.jpg,sub04_EP12_02f.jpg
casme2,sub04,EP13_02f,51,81,4,img51.jpg,img81.jpg,sub04_EP13_02f.jpg
casme2,sub04,EP13_06f,71,108,0,img71.jpg,img108.jpg,sub04_EP13_06f.jpg
casme2,sub04,EP19_01f,191,209,4,img191.jpg,img209.jpg,sub04_EP19_01f.jpg
casme2,sub05,EP02_07,36,66,3,img36.jpg,img66.jpg,sub05_EP02_07.jpg
casme2,sub05,EP03_01,41,81,1,img41.jpg,img81.jpg,sub05_EP03_01.jpg
casme2,sub05,EP03_06,33,66,3,img33.jpg,img66.jpg,sub05_EP03_06.jpg
casme2,sub05,EP03_07,41,64,4,img41.jpg,img64.jpg,sub05_EP03_07.jpg
casme2,sub05,EP04_05,16,44,3,img16.jpg,img44.jpg,sub05_EP04_05.jpg
casme2,sub05,EP04_06,6,49,3,img6.jpg,img49.jpg,sub05_EP04_06.jpg
casme2,sub05,EP05_03,51,71,4,img51.jpg,img71.jpg,sub05_EP05_03.jpg
casme2,sub05,EP05_09,49,94,4,img49.jpg,img94.jpg,sub05_EP05_09.jpg
casme2,sub05,EP06_10,85,116,4,img85.jpg,img116.jpg,sub05_EP06_10.jpg
casme2,sub05,EP07_01,49,66,4,img49.jpg,img66.jpg,sub05_EP07_01.jpg
casme2,sub05,EP08_05,6,39,4,img6.jpg,img39.jpg,sub05_EP08_05.jpg
casme2,sub05,EP12_03f,11,36,3,img11.jpg,img36.jpg,sub05_EP12_03f.jpg
casme2,sub05,EP12_06,46,76,4,img46.jpg,img76.jpg,sub05_EP12_06.jpg
casme2,sub05,EP13_04f,36,69,4,img36.jpg,img69.jpg,sub05_EP13_04f.jpg
casme2,sub05,EP13_06,16,46,4,img16.jpg,img46.jpg,sub05_EP13_06.jpg
casme2,sub05,EP16_03f,39,81,4,img39.jpg,img81.jpg,sub05_EP16_03f.jpg
casme2,sub05,EP16_04f,141,181,4,img141.jpg,img181.jpg,sub05_EP16_04f.jpg
casme2,sub05,EP19_03,6,29,4,img6.jpg,img29.jpg,sub05_EP19_03.jpg
casme2,sub06,EP01_01,81,111,1,img81.jpg,img111.jpg,sub06_EP01_01.jpg
casme2,sub06,EP02_31,99,131,3,img99.jpg,img131.jpg,sub06_EP02_31.jpg
casme2,sub06,EP10_08,116,139,4,img116.jpg,img139.jpg,sub06_EP10_08.jpg
casme2,sub06,EP15_02,56,79,3,img56.jpg,img79.jpg,sub06_EP15_02.jpg
casme2,sub06,EP16_05,94,114,0,img94.jpg,img114.jpg,sub06_EP16_05.jpg
casme2,sub07,EP01_01,79,109,0,img79.jpg,img109.jpg,sub07_EP01_01.jpg
casme2,sub07,EP03_04,11,49,4,img11.jpg,img49.jpg,sub07_EP03_04.jpg
casme2,sub07,EP06_01,15,49,4,img15.jpg,img49.jpg,sub07_EP06_01.jpg
casme2,sub07,EP06_02_01,11,66,0,img11.jpg,img66.jpg,sub07_EP06_02_01.jpg
casme2,sub07,EP06_02_02,36,81,0,img36.jpg,img81.jpg,sub07_EP06_02_02.jpg
casme2,sub07,EP08_02,141,174,0,img141.jpg,img174.jpg,sub07_EP08_02.jpg
casme2,sub07,EP15_01,36,64,0,img36.jpg,img64.jpg,sub07_EP15_01.jpg
casme2,sub07,EP18_01,6,24,4,img6.jpg,img24.jpg,sub07_EP18_01.jpg
casme2,sub07,EP18_03,11,54,4,img11.jpg,img54.jpg,sub07_EP18_03.jpg
casme2,sub08,EP12_07f,26,74,4,img26.jpg,img74.jpg,sub08_EP12_07f.jpg
casme2,sub08,EP12_08f,71,106,4,img71.jpg,img106.jpg,sub08_EP12_08f.jpg
casme2,sub08,EP13_01f,49,86,2,img49.jpg,img86.jpg,sub08_EP13_01f.jpg
casme2,sub09,EP02_01f,21,74,1,img21.jpg,img74.jpg,sub09_EP02_01f.jpg
casme2,sub09,EP05_02,66,119,4,img66.jpg,img119.jpg,sub09_EP05_02.jpg
casme2,sub09,EP05_03,91,116,4,img91.jpg,img116.jpg,sub09_EP05_03.jpg
casme2,sub09,EP05_05,46,84,1,img46.jpg,img84.jpg,sub09_EP05_05.jpg
casme2,sub09,EP06_01f,66,144,2,img66.jpg,img144.jpg,sub09_EP06_01f.jpg
casme2,sub09,EP06_02f,36,101,1,img36.jpg,img101.jpg,sub09_EP06_02f.jpg
casme2,sub09,EP09_04,26,71,2,img26.jpg,img71.jpg,sub09_EP09_04.jpg
casme2,sub09,EP09_05,26,81,2,img26.jpg,img81.jpg,sub09_EP09_05.jpg
casme2,sub09,EP09f,26,64,1,img26.jpg,img64.jpg,sub09_EP09f.jpg
casme2,sub09,EP13_01,31,74,2,img31.jpg,img74.jpg,sub09_EP13_01.jpg
casme2,sub09,EP15_05,56,91,1,img56.jpg,img91.jpg,sub09_EP15_05.jpg
casme2,sub09,EP17_08,6,41,2,img6.jpg,img41.jpg,sub09_EP17_08.jpg
casme2,sub09,EP18_03,11,39,4,img11.jpg,img39.jpg,sub09_EP18_03.jpg
casme2,sub10,EP06_01f,11,54,4,img11.jpg,img54.jpg,sub10_EP06_01f.jpg
casme2,sub10,EP08_01f,76,114,4,img76.jpg,img114.jpg,sub10_EP08_01f.jpg
casme2,sub10,EP10_01f,111,136,4,img111.jpg,img136.jpg,sub10_EP10_01f.jpg
casme2,sub10,EP11_01,31,64,4,img31.jpg,img64.jpg,sub10_EP11_01.jpg
casme2,sub10,EP11_01f,36,64,4,img36.jpg,img64.jpg,sub10_EP11_01f.jpg
casme2,sub10,EP12_02f,26,54,4,img26.jpg,img54.jpg,sub10_EP12_02f.jpg
casme2,sub10,EP12_03f,26,81,4,img26.jpg,img81.jpg,sub10_EP12_03f.jpg
casme2,sub10,EP12_04,61,101,4,img61.jpg,img101.jpg,sub10_EP12_04.jpg
casme2,sub10,EP13_02f,41,109,4,img41.jpg,img109.jpg,sub10_EP13_02f.jpg
casme2,sub10,EP13_03f,11,46,4,img11.jpg,img46.jpg,sub10_EP13_03f.jpg
casme2,sub10,EP16_02f,21,64,4,img21.jpg,img64.jpg,sub10_EP16_02f.jpg
casme2,sub10,EP18_01f,11,44,4,img11.jpg,img44.jpg,sub10_EP18_01f.jpg
casme2,sub10,EP19_04f,81,84,4,img81.jpg,img84.jpg,sub10_EP19_04f.jpg
casme2,sub11,EP02_06f,71,96,4,img71.jpg,img96.jpg,sub11_EP02_06f.jpg
casme2,sub11,EP08_01f,96,121,0,img96.jpg,img121.jpg,sub11_EP08_01f.jpg
casme2,sub11,EP12_03f,91,141,4,img91.jpg,img141.jpg,sub11_EP12_03f.jpg
casme2,sub11,EP13_02f,51,111,0,img51.jpg,img111.jpg,sub11_EP13_02f.jpg
casme2,sub11,EP13_03f,6,49,0,img6.jpg,img49.jpg,sub11_EP13_03f.jpg
casme2,sub11,EP13_05f,16,61,0,img16.jpg,img61.jpg,sub11_EP13_05f.jpg
casme2,sub11,EP15_01f,56,89,4,img56.jpg,img89.jpg,sub11_EP15_01f.jpg
casme2,sub11,EP15_04f,61,76,4,img61.jpg,img76.jpg,sub11_EP15_04f.jpg
casme2,sub11,EP18_03f,56,106,4,img56.jpg,img106.jpg,sub11_EP18_03f.jpg
casme2,sub11,EP19_03f,11,94,4,img11.jpg,img94.jpg,sub11_EP19_03f.jpg
casme2,sub12,EP01_02,31,99,0,img31.jpg,img99.jpg,sub12_EP01_02.jpg
casme2,sub12,EP02_05,41,61,3,img41.jpg,img61.jpg,sub12_EP02_05.jpg
casme2,sub12,EP03_02,26,59,4,img26.jpg,img59.jpg,sub12_EP03_02.jpg
casme2,sub12,EP03_04,60,129,1,img60.jpg,img129.jpg,sub12_EP03_04.jpg
casme2,sub12,EP04_16,36,56,0,img36.jpg,img56.jpg,sub12_EP04_16.jpg
casme2,sub12,EP06_06,36,76,3,img36.jpg,img76.jpg,sub12_EP06_06.jpg
casme2,sub12,EP08_01,46,81,3,img46.jpg,img81.jpg,sub12_EP08_01.jpg
casme2,sub12,EP08_03,76,114,3,img76.jpg,img114.jpg,sub12_EP08_03.jpg
casme2,sub12,EP08_07,111,134,1,img111.jpg,img134.jpg,sub12_EP08_07.jpg
casme2,sub12,EP09_02,16,59,0,img16.jpg,img59.jpg,sub12_EP09_02.jpg
casme2,sub12,EP09_06,66,111,0,img66.jpg,img111.jpg,sub12_EP09_06.jpg
casme2,sub12,EP16_02,136,189,0,img136.jpg,img189.jpg,sub12_EP16_02.jpg
casme2,sub13,EP01_01,76,111,4,img76.jpg,img111.jpg,sub13_EP01_01.jpg
casme2,sub13,EP01_02,76,101,4,img76.jpg,img101.jpg,sub13_EP01_02.jpg
casme2,sub13,EP02_02,11,34,4,img11.jpg,img34.jpg,sub13_EP02_02.jpg
casme2,sub13,EP02_03,26,59,4,img26.jpg,img59.jpg,sub13_EP02_03.jpg
casme2,sub13,EP03_01,31,86,1,img31.jpg,img86.jpg,sub13_EP03_01.jpg
casme2,sub13,EP08_01,54,81,4,img54.jpg,img81.jpg,sub13_EP08_01.jpg
casme2,sub13,EP09_10,51,76,1,img51.jpg,img76.jpg,sub13_EP09_10.jpg
casme2,sub13,EP12_01,6,41,4,img6.jpg,img41.jpg,sub13_EP12_01.jpg
casme2,sub14,EP04_04f,11,44,4,img11.jpg,img44.jpg,sub14_EP04_04f.jpg
casme2,sub14,EP09_03,6,29,1,img6.jpg,img29.jpg,sub14_EP09_03.jpg
casme2,sub14,EP09_04,21,71,1,img21.jpg,img71.jpg,sub14_EP09_04.jpg
casme2,sub14,EP09_06,11,59,1,img11.jpg,img59.jpg,sub14_EP09_06.jpg
casme2,sub15,EP03_02,16,49,1,img16.jpg,img49.jpg,sub15_EP03_02.jpg
casme2,sub15,EP04_02,21,46,3,img21.jpg,img46.jpg,sub15_EP04_02.jpg
casme2,sub15,EP08_02,21,54,0,img21.jpg,img54.jpg,sub15_EP08_02.jpg
casme2,sub16,EP01_05,66,106,1,img66.jpg,img106.jpg,sub16_EP01_05.jpg
casme2,sub16,EP01_08,73,94,2,img73.jpg,img94.jpg,sub16_EP01_08.jpg
casme2,sub16,EP01_09f,51,76,4,img51.jpg,img76.jpg,sub16_EP01_09f.jpg
casme2,sub16,EP04_02f,181,269,1,img181.jpg,img269.jpg,sub16_EP04_02f.jpg
casme2,sub17,EP01_06,81,86,1,img81.jpg,img86.jpg,sub17_EP01_06.jpg
casme2,sub17,EP01_13,76,134,3,img76.jpg,img134.jpg,sub17_EP01_13.jpg
casme2,sub17,EP01_15,86,101,1,img86.jpg,img101.jpg,sub17_EP01_15.jpg
casme2,sub17,EP02_01,91,119,0,img91.jpg,img119.jpg,sub17_EP02_01.jpg
casme2,sub17,EP02_03,81,109,0,img81.jpg,img109.jpg,sub17_EP02_03.jpg
casme2,sub17,EP02_11,161,181,0,img161.jpg,img181.jpg,sub17_EP02_11.jpg
casme2,sub17,EP02_18f,91,134,2,img91.jpg,img134.jpg,sub17_EP02_18f.jpg
casme2,sub17,EP03_02,118,139,0,img118.jpg,img139.jpg,sub17_EP03_02.jpg
casme2,sub17,EP03_09,96,132,1,img96.jpg,img132.jpg,sub17_EP03_09.jpg
casme2,sub17,EP05_02,25,91,1,img25.jpg,img91.jpg,sub17_EP05_02.jpg
casme2,sub17,EP05_03,21,56,1,img21.jpg,img56.jpg,sub17_EP05_03.jpg
casme2,sub17,EP05_03f,11,59,2,img11.jpg,img59.jpg,sub17_EP05_03f.jpg
casme2,sub17,EP05_04,6,39,2,img6.jpg,img39.jpg,sub17_EP05_04.jpg
casme2,sub17,EP05_09,121,144,2,img121.jpg,img144.jpg,sub17_EP05_09.jpg
casme2,sub17,EP05_10,111,129,2,img111.jpg,img129.jpg,sub17_EP05_10.jpg
casme2,sub17,EP06_04,71,91,0,img71.jpg,img91.jpg,sub17_EP06_04.jpg
casme2,sub17,EP06_07,216,225,1,img216.jpg,img225.jpg,sub17_EP06_07.jpg
casme2,sub17,EP06_08,156,194,2,img156.jpg,img194.jpg,sub17_EP06_08.jpg
casme2,sub17,EP07_01,21,71,0,img21.jpg,img71.jpg,sub17_EP07_01.jpg
casme2,sub17,EP08_02,21,66,0,img21.jpg,img66.jpg,sub17_EP08_02.jpg
casme2,sub17,EP08_03,51,69,4,img51.jpg,img69.jpg,sub17_EP08_03.jpg
casme2,sub17,EP10_06,104,121,2,img104.jpg,img121.jpg,sub17_EP10_06.jpg
casme2,sub17,EP11_01,9,31,0,img9.jpg,img31.jpg,sub17_EP11_01.jpg
casme2,sub17,EP11_02,36,81,0,img36.jpg,img81.jpg,sub17_EP11_02.jpg
casme2,sub17,EP12_03,131,156,2,img131.jpg,img156.jpg,sub17_EP12_03.jpg
casme2,sub17,EP13_01,146,164,4,img146.jpg,img164.jpg,sub17_EP13_01.jpg
casme2,sub17,EP13_03,51,79,0,img51.jpg,img79.jpg,sub17_EP13_03.jpg
casme2,sub17,EP13_04,86,104,0,img86.jpg,img104.jpg,sub17_EP13_04.jpg
casme2,sub17,EP13_06,86,109,0,img86.jpg,img109.jpg,sub17_EP13_06.jpg
casme2,sub17,EP13_09,6,46,1,img6.jpg,img46.jpg,sub17_EP13_09.jpg
casme2,sub17,EP15_04,109,131,2,img109.jpg,img131.jpg,sub17_EP15_04.jpg
casme2,sub17,EP15_05,21,49,4,img21.jpg,img49.jpg,sub17_EP15_05.jpg
casme2,sub17,EP16_01f,8,29,0,img8.jpg,img29.jpg,sub17_EP16_01f.jpg
casme2,sub17,EP18_07,36,69,0,img36.jpg,img69.jpg,sub17_EP18_07.jpg
casme2,sub18,EP08_01,111,139,4,img111.jpg,img139.jpg,sub18_EP08_01.jpg
casme2,sub18,EP18_01,66,91,4,img66.jpg,img91.jpg,sub18_EP18_01.jpg
casme2,sub18,EP19_01,95,121,4,img95.jpg,img121.jpg,sub18_EP19_01.jpg
casme2,sub19,EP01_01f,121,189,1,img121.jpg,img189.jpg,sub19_EP01_01f.jpg
casme2,sub19,EP01_02f,36,61,1,img36.jpg,img61.jpg,sub19_EP01_02f.jpg
casme2,sub19,EP02_01,91,119,3,img91.jpg,img119.jpg,sub19_EP02_01.jpg
casme2,sub19,EP06_01f,146,174,3,img146.jpg,img174.jpg,sub19_EP06_01f.jpg
casme2,sub19,EP06_02f,211,264,4,img211.jpg,img264.jpg,sub19_EP06_02f.jpg
casme2,sub19,EP08_02,76,119,1,img76.jpg,img119.jpg,sub19_EP08_02.jpg
casme2,sub19,EP11_01f,61,81,4,img61.jpg,img81.jpg,sub19_EP11_01f.jpg
casme2,sub19,EP11_04f,76,96,3,img76.jpg,img96.jpg,sub19_EP11_04f.jpg
casme2,sub19,EP13_01,71,104,0,img71.jpg,img104.jpg,sub19_EP13_01.jpg
casme2,sub19,EP15_03f,51,81,4,img51.jpg,img81.jpg,sub19_EP15_03f.jpg
casme2,sub19,EP16_01,86,109,0,img86.jpg,img109.jpg,sub19_EP16_01.jpg
casme2,sub19,EP16_02,61,79,0,img61.jpg,img79.jpg,sub19_EP16_02.jpg
casme2,sub19,EP19_01,66,86,4,img66.jpg,img86.jpg,sub19_EP19_01.jpg
casme2,sub19,EP19_02,106,129,3,img106.jpg,img129.jpg,sub19_EP19_02.jpg
casme2,sub19,EP19_03,61,91,3,img61.jpg,img91.jpg,sub19_EP19_03.jpg
casme2,sub20,EP01_03,76,101,0,img76.jpg,img101.jpg,sub20_EP01_03.jpg
casme2,sub20,EP03_02,45,74,4,img45.jpg,img74.jpg,sub20_EP03_02.jpg
casme2,sub20,EP06_03,31,49,0,img31.jpg,img49.jpg,sub20_EP06_03.jpg
casme2,sub20,EP07_04,96,116,4,img96.jpg,img116.jpg,sub20_EP07_04.jpg
casme2,sub20,EP10_02,131,166,4,img131.jpg,img166.jpg,sub20_EP10_02.jpg
casme2,sub20,EP12_01,41,104,4,img41.jpg,img104.jpg,sub20_EP12_01.jpg
casme2,sub20,EP13_02,71,109,4,img71.jpg,img109.jpg,sub20_EP13_02.jpg
casme2,sub20,EP15_03f,86,129,4,img86.jpg,img129.jpg,sub20_EP15_03f.jpg
casme2,sub20,EP16_01,71,111,4,img71.jpg,img111.jpg,sub20_EP16_01.jpg
casme2,sub20,EP16_04,81,106,4,img81.jpg,img106.jpg,sub20_EP16_04.jpg
casme2,sub20,EP18_03,48,90,4,img48.jpg,img90.jpg,sub20_EP18_03.jpg
casme2,sub21,EP01_07,6,21,4,img6.jpg,img21.jpg,sub21_EP01_07.jpg
casme2,sub21,EP05_02,111,141,2,img111.jpg,img141.jpg,sub21_EP05_02.jpg
casme2,sub22,EP01_12,50,119,2,img50.jpg,img119.jpg,sub22_EP01_12.jpg
casme2,sub22,EP13_08,151,216,2,img151.jpg,img216.jpg,sub22_EP13_08.jpg
casme2,sub23,EP02_01,36,86,1,img36.jpg,img86.jpg,sub23_EP02_01.jpg
casme2,sub23,EP03_14f,51,91,0,img51.jpg,img91.jpg,sub23_EP03_14f.jpg
casme2,sub23,EP04_03f,16,91,2,img16.jpg,img91.jpg,sub23_EP04_03f.jpg
casme2,sub23,EP05_24f,106,141,2,img106.jpg,img141.jpg,sub23_EP05_24f.jpg
casme2,sub23,EP05_25f,51,86,0,img51.jpg,img86.jpg,sub23_EP05_25f.jpg
casme2,sub23,EP07_01,36,64,4,img36.jpg,img64.jpg,sub23_EP07_01.jpg
casme2,sub23,EP12_02f,46,84,0,img46.jpg,img84.jpg,sub23_EP12_02f.jpg
casme2,sub23,EP12_03,86,129,0,img86.jpg,img129.jpg,sub23_EP12_03.jpg
casme2,sub23,EP13_03,36,56,4,img36.jpg,img56.jpg,sub23_EP13_03.jpg
casme2,sub23,EP13_04,21,41,2,img21.jpg,img41.jpg,sub23_EP13_04.jpg
casme2,sub23,EP13_07f,56,64,4,img56.jpg,img64.jpg,sub23_EP13_07f.jpg
casme2,sub23,EP17_01,81,114,4,img81.jpg,img114.jpg,sub23_EP17_01.jpg
casme2,sub24,EP01_08,33,69,0,img33.jpg,img69.jpg,sub24_EP01_08.jpg
casme2,sub24,EP02_02f,71,94,0,img71.jpg,img94.jpg,sub24_EP02_02f.jpg
casme2,sub24,EP07_01,24,41,3,img24.jpg,img41.jpg,sub24_EP07_01.jpg
casme2,sub24,EP07_04f,4,24,3,img4.jpg,img24.jpg,sub24_EP07_04f.jpg
casme2,sub24,EP08_02,121,156,4,img121.jpg,img156.jpg,sub24_EP08_02.jpg
casme2,sub24,EP10_01f,131,149,4,img131.jpg,img149.jpg,sub24_EP10_01f.jpg
casme2,sub24,EP10_02,101,121,4,img101.jpg,img121.jpg,sub24_EP10_02.jpg
casme2,sub24,EP10_03,334,356,3,img334.jpg,img356.jpg,sub24_EP10_03.jpg
casme2,sub24,EP12_01,81,99,4,img81.jpg,img99.jpg,sub24_EP12_01.jpg
casme2,sub24,EP18_03,53,76,3,img53.jpg,img76.jpg,sub24_EP18_03.jpg
casme2,sub25,EP03_01,56,81,4,img56.jpg,img81.jpg,sub25_EP03_01.jpg
casme2,sub25,EP03_02,51,101,4,img51.jpg,img101.jpg,sub25_EP03_02.jpg
casme2,sub25,EP09_02,76,101,0,img76.jpg,img101.jpg,sub25_EP09_02.jpg
casme2,sub25,EP10_01,101,129,0,img101.jpg,img129.jpg,sub25_EP10_01.jpg
casme2,sub25,EP10_10,61,91,3,img61.jpg,img91.jpg,sub25_EP10_10.jpg
casme2,sub25,EP12_01,131,151,3,img131.jpg,img151.jpg,sub25_EP12_01.jpg
casme2,sub25,EP18_04f,76,116,0,img76.jpg,img116.jpg,sub25_EP18_04f.jpg
casme2,sub26,EP03_10,116,149,1,img116.jpg,img149.jpg,sub26_EP03_10.jpg
casme2,sub26,EP07_28,31,51,4,img31.jpg,img51.jpg,sub26_EP07_28.jpg
casme2,sub26,EP07_37,92,119,4,img92.jpg,img119.jpg,sub26_EP07_37.jpg
casme2,sub26,EP08_04,31,79,4,img31.jpg,img79.jpg,sub26_EP08_04.jpg
casme2,sub26,EP09_04,31,56,0,img31.jpg,img56.jpg,sub26_EP09_04.jpg
casme2,sub26,EP09_09,46,76,0,img46.jpg,img76.jpg,sub26_EP09_09.jpg
casme2,sub26,EP13_01,4,29,4,img4.jpg,img29.jpg,sub26_EP13_01.jpg
casme2,sub26,EP13_02,32,54,1,img32.jpg,img54.jpg,sub26_EP13_02.jpg
casme2,sub26,EP13_11,20,59,0,img20.jpg,img59.jpg,sub26_EP13_11.jpg
casme2,sub26,EP16_01,26,54,0,img26.jpg,img54.jpg,sub26_EP16_01.jpg
casme2,sub26,EP18_44,11,36,0,img11.jpg,img36.jpg,sub26_EP18_44.jpg
casme2,sub26,EP18_46,31,46,4,img31.jpg,img46.jpg,sub26_EP18_46.jpg
casme2,sub26,EP18_47,6,49,0,img6.jpg,img49.jpg,sub26_EP18_47.jpg
casme2,sub26,EP18_49,16,54,0,img16.jpg,img54.jpg,sub26_EP18_49.jpg
casme2,sub26,EP18_50,78,99,0,img78.jpg,img99.jpg,sub26_EP18_50.jpg
casme2,sub26,EP18_51,21,64,0,img21.jpg,img64.jpg,sub26_EP18_51.jpg
samm,006,006_1_2,5562,5588,0,006_05562.jpg,006_05588.jpg,006_006_1_2.jpg
samm,006,006_1_3,3912,3948,0,006_03912.jpg,006_03948.jpg,006_006_1_3.jpg
samm,006,006_1_4,2324,2368,0,006_02324.jpg,006_02368.jpg,006_006_1_4.jpg
samm,006,006_1_5,5343,5388,0,006_05343.jpg,006_05388.jpg,006_006_1_5.jpg
samm,006,006_1_6,7160,7197,0,006_07160.jpg,006_07197.jpg,006_006_1_6.jpg
samm,006,006_2_4,180,217,0,006_00180.jpg,006_00217.jpg,006_006_2_4.jpg
samm,006,006_3_5,1787,1829,4,006_01787.jpg,006_01829.jpg,006_006_3_5.jpg
samm,006,006_5_11,2130,2190,0,006_02130.jpg,006_02190.jpg,006_006_5_11.jpg
samm,006,006_5_9,5258,5282,4,006_05258.jpg,006_05282.jpg,006_006_5_9.jpg
samm,007,007_4_2,5900,5943,3,007_05900.jpg,007_05943.jpg,007_007_4_2.jpg
samm,007,007_5_3,2759,2797,4,007_02759.jpg,007_02797.jpg,007_007_5_3.jpg
samm,007,007_5_4,5433,5475,3,007_05433.jpg,007_05475.jpg,007_007_5_4.jpg
samm,007,007_6_1,497,511,1,007_00497.jpg,007_00511.jpg,007_007_6_1.jpg
samm,007,007_6_2,1296,1326,1,007_01296.jpg,007_01326.jpg,007_007_6_2.jpg
samm,007,007_6_3,2560,2592,1,007_02560.jpg,007_02592.jpg,007_007_6_3.jpg
samm,007,007_6_5,649,673,1,007_00649.jpg,007_00673.jpg,007_007_6_5.jpg
samm,007,007_7_1,7030,7056,4,007_07030.jpg,007_07056.jpg,007_007_7_1.jpg
samm,007,007_7_5,554,585,1,007_00554.jpg,007_00585.jpg,007_007_7_5.jpg
samm,009,009_3_2,1856,1891,0,009_01856.jpg,009_01891.jpg,009_009_3_2.jpg
samm,009,009_3_3,1968,2010,0,009_01968.jpg,009_02010.jpg,009_009_3_3.jpg
samm,009,009_3_4,3334,3370,4,009_03334.jpg,009_03370.jpg,009_009_3_4.jpg
samm,010,010_2_1,192,206,0,010_00192.jpg,010_00206.jpg,010_010_2_1.jpg
samm,010,010_2_8,1211,1239,0,010_01211.jpg,010_01239.jpg,010_010_2_8.jpg
samm,010,010_4_1,3528,3548,0,010_03528.jpg,010_03548.jpg,010_010_4_1.jpg
samm,010,010_4_2,6708,6730,0,010_06708.jpg,010_06730.jpg,010_010_4_2.jpg
samm,011,011_1_4,3080,3131,0,011_03080.jpg,011_03131.jpg,011_011_1_4.jpg
samm,011,011_2_7,3361,3402,1,011_03361.jpg,011_03402.jpg,011_011_2_7.jpg
samm,011,011_3_1,2363,2395,0,011_02363.jpg,011_02395.jpg,011_011_3_1.jpg
samm,011,011_3_4,2841,2891,1,011_02841.jpg,011_02891.jpg,011_011_3_4.jpg
samm,011,011_3_5,2944,3007,1,011_02944.jpg,011_03007.jpg,011_011_3_5.jpg
samm,011,011_3_6,3208,3253,1,011_03208.jpg,011_03253.jpg,011_011_3_6.jpg
samm,011,011_4_1,6750,6771,0,011_06750.jpg,011_06771.jpg,011_011_4_1.jpg
samm,011,011_4_12,4158,4194,0,011_04158.jpg,011_04194.jpg,011_011_4_12.jpg
samm,011,011_4_13,2755,2791,0,011_02755.jpg,011_02791.jpg,011_011_4_13.jpg
samm,011,011_4_2,2980,3014,2,011_02980.jpg,011_03014.jpg,011_011_4_2.jpg
samm,011,011_5_1,1048,1071,2,011_01048.jpg,011_01071.jpg,011_011_5_1.jpg
samm,011,011_6_13,4523,4585,1,011_04523.jpg,011_04585.jpg,011_011_6_13.jpg
samm,011,011_6_5,2504,2571,1,011_02504.jpg,011_02571.jpg,011_011_6_5.jpg
samm,011,011_6_6,2607,2649,1,011_02607.jpg,011_02649.jpg,011_011_6_6.jpg
samm,011,011_7_10,3599,3630,2,011_03599.jpg,011_03630.jpg,011_011_7_10.jpg
samm,012,012_7_1,7871,7889,4,012_07871.jpg,012_07889.jpg,012_012_7_1.jpg
samm,013,013_1_10,3802,3824,0,013_03802.jpg,013_03824.jpg,013_013_1_10.jpg
samm,013,013_1_11,4490,4544,0,013_04490.jpg,013_04544.jpg,013_013_1_11.jpg
samm,013,013_1_12,706,739,0,013_00706.jpg,013_00739.jpg,013_013_1_12.jpg
samm,013,013_1_8,841,867,0,013_00841.jpg,013_00867.jpg,013_013_1_8.jpg
samm,013,013_1_9,5658,5680,0,013_05658.jpg,013_05680.jpg,013_013_1_9.jpg
samm,013,013_7_7,2077,2135,0,013_02077.jpg,013_02135.jpg,013_013_7_7.jpg
samm,014,014_1_5,1166,1213,3,014_01166.jpg,014_01213.jpg,014_014_1_5.jpg
samm,014,014_2_3,4616,4645,4,014_04616.jpg,014_04645.jpg,014_014_2_3.jpg
samm,014,014_2_4,3874,3925,1,014_03874.jpg,014_03925.jpg,014_014_2_4.jpg
samm,014,014_3_3,2635,2646,1,014_02635.jpg,014_02646.jpg,014_014_3_3.jpg
samm,014,014_3_4,1426,1457,1,014_01426.jpg,014_01457.jpg,014_014_3_4.jpg
samm,014,014_5_2,469,498,2,014_00469.jpg,014_00498.jpg,014_014_5_2.jpg
samm,014,014_6_1,1316,1334,1,014_01316.jpg,014_01334.jpg,014_014_6_1.jpg
samm,014,014_6_2,1190,1221,1,014_01190.jpg,014_01221.jpg,014_014_6_2.jpg
samm,014,014_6_3,128,171,1,014_00128.jpg,014_00171.jpg,014_014_6_3.jpg
samm,014,014_7_1,3529,3560,1,014_03529.jpg,014_03560.jpg,014_014_7_1.jpg
samm,015,015_5_2,6587,6615,2,015_06587.jpg,015_06615.jpg,015_015_5_2.jpg
samm,015,015_5_3,6050,6073,4,015_06050.jpg,015_06073.jpg,015_015_5_3.jpg
samm,016,016_7_1,2275,2299,0,016_02275.jpg,016_02299.jpg,016_016_7_1.jpg
samm,016,016_7_2,3840,3854,4,016_03840.jpg,016_03854.jpg,016_016_7_2.jpg
samm,016,016_7_3,4395,4421,0,016_04395.jpg,016_04421.jpg,016_016_7_3.jpg
samm,016,016_7_5,6120,6155,4,016_06120.jpg,016_06155.jpg,016_016_7_5.jpg
samm,016,016_7_8,12256,12324,1,016_12256.jpg,016_12324.jpg,016_016_7_8.jpg
samm,017,017_3_1,312,337,2,017_00312.jpg,017_00337.jpg,017_017_3_1.jpg
samm,017,017_3_2,83,116,4,017_00083.jpg,017_00116.jpg,017_017_3_2.jpg
samm,017,017_3_3,1393,1489,3,017_01393.jpg,017_01489.jpg,017_017_3_3.jpg
samm,017,017_3_4,174,199,2,017_00174.jpg,017_00199.jpg,017_017_3_4.jpg
samm,017,017_6_1,1107,1143,0,017_01107.jpg,017_01143.jpg,017_017_6_1.jpg
samm,017,017_6_2,916,960,3,017_00916.jpg,017_00960.jpg,017_017_6_2.jpg
samm,018,018_1_4,10521,10570,3,018_10521.jpg,018_10570.jpg,018_018_1_4.jpg
samm,018,018_7_1,10133,10156,4,018_10133.jpg,018_10156.jpg,018_018_7_1.jpg
samm,019,019_3_2,872,908,3,019_00872.jpg,019_00908.jpg,019_019_3_2.jpg
samm,019,019_4_1,4496,4517,1,019_04496.jpg,019_04517.jpg,019_019_4_1.jpg
samm,019,019_5_1,5227,5268,3,019_05227.jpg,019_05268.jpg,019_019_5_1.jpg
samm,020,020_1_1,2804,2823,3,020_02804.jpg,020_02823.jpg,020_020_1_1.jpg
samm,020,020_1_2,2728,2746,3,020_02728.jpg,020_02746.jpg,020_020_1_2.jpg
samm,020,020_1_3,7251,7275,3,020_07251.jpg,020_07275.jpg,020_020_1_3.jpg
samm,020,020_1_4,8114,8131,3,020_08114.jpg,020_08131.jpg,020_020_1_4.jpg
samm,020,020_4_1,3440,3469,2,020_03440.jpg,020_03469.jpg,020_020_4_1.jpg
samm,020,020_4_2,1482,1516,1,020_01482.jpg,020_01516.jpg,020_020_4_2.jpg
samm,020,020_7_1,8518,8551,0,020_08518.jpg,020_08551.jpg,020_020_7_1.jpg
samm,020,020_7_10,9071,9140,1,020_09071.jpg,020_09140.jpg,020_020_7_10.jpg
samm,020,020_7_2,147,181,3,020_00147.jpg,020_00181.jpg,020_020_7_2.jpg
samm,021,021_7_1,5589,5621,0,021_05589.jpg,021_05621.jpg,021_021_7_1.jpg
samm,021,021_7_2,2853,2882,0,021_02853.jpg,021_02882.jpg,021_021_7_2.jpg
samm,022,022_2_3,402,438,0,022_00402.jpg,022_00438.jpg,022_022_2_3.jpg
samm,022,022_3_2,380,421,0,022_00380.jpg,022_00421.jpg,022_022_3_2.jpg
samm,022,022_3_3,3659,3683,1,022_03659.jpg,022_03683.jpg,022_022_3_3.jpg
samm,022,022_4_1,492,505,0,022_00492.jpg,022_00505.jpg,022_022_4_1.jpg
samm,022,022_5_1,335,357,1,022_00335.jpg,022_00357.jpg,022_022_5_1.jpg
samm,023,023_1_1,5024,5037,0,023_05024.jpg,023_05037.jpg,023_023_1_1.jpg
samm,025,025_4_1,4328,4371,3,025_04328.jpg,025_04371.jpg,025_025_4_1.jpg
samm,025,025_4_2,2116,2130,3,025_02116.jpg,025_02130.jpg,025_025_4_2.jpg
samm,025,025_5_1,2840,2873,3,025_02840.jpg,025_02873.jpg,025_025_5_1.jpg
samm,025,025_6_1,2822,2851,3,025_02822.jpg,025_02851.jpg,025_025_6_1.jpg
samm,026,026_1_1,295,323,0,026_00295.jpg,026_00323.jpg,026_026_1_1.jpg
samm,026,026_1_2,117,146,3,026_00117.jpg,026_00146.jpg,026_026_1_2.jpg
samm,026,026_2_1,2881,2918,0,026_02881.jpg,026_02918.jpg,026_026_2_1.jpg
samm,026,026_2_2,2952,2978,0,026_02952.jpg,026_02978.jpg,026_026_2_2.jpg
samm,026,026_2_3,2607,2642,0,026_02607.jpg,026_02642.jpg,026_026_2_3.jpg
samm,026,026_2_4,4015,4038,3,026_04015.jpg,026_04038.jpg,026_026_2_4.jpg
samm,026,026_3_3,1704,1736,0,026_01704.jpg,026_01736.jpg,026_026_3_3.jpg
samm,026,026_3_4,3582,3608,0,026_03582.jpg,026_03608.jpg,026_026_3_4.jpg
samm,026,026_5_1,5073,5089,2,026_05073.jpg,026_05089.jpg,026_026_5_1.jpg
samm,026,026_6_1,3848,3882,2,026_03848.jpg,026_03882.jpg,026_026_6_1.jpg
samm,026,026_7_1,2848,2871,3,026_02848.jpg,026_02871.jpg,026_026_7_1.jpg
samm,026,026_7_2,5579,5603,3,026_05579.jpg,026_05603.jpg,026_026_7_2.jpg
samm,028,028_4_1,1071,1113,2,028_01071.jpg,028_01113.jpg,028_028_4_1.jpg
samm,028,028_4_3,370,424,4,028_00370.jpg,028_00424.jpg,028_028_4_3.jpg
samm,028,028_4_4,1288,1367,4,028_01288.jpg,028_01367.jpg,028_028_4_4.jpg
samm,030,030_1_1,2379,2422,0,030_02379.jpg,030_02422.jpg,030_030_1_1.jpg
samm,030,030_1_2,6344,6392,0,030_06344.jpg,030_06392.jpg,030_030_1_2.jpg
samm,030,030_5_1,1921,1960,0,030_01921.jpg,030_01960.jpg,030_030_5_1.jpg
samm,031,031_3_1,3831,3852,0,031_03831.jpg,031_03852.jpg,031_031_3_1.jpg
samm,032,032_3_1,4896,4930,0,032_04896.jpg,032_04930.jpg,032_032_3_1.jpg
samm,032,032_3_2,5126,5127,0,032_05126.jpg,032_05127.jpg,032_032_3_2.jpg
samm,032,032_3_3,3425,3464,3,032_03425.jpg,032_03464.jpg,032_032_3_3.jpg
samm,032,032_4_1,3307,3328,3,032_03307.jpg,032_03328.jpg,032_032_4_1.jpg
samm,032,032_4_2,408,436,0,032_00408.jpg,032_00436.jpg,032_032_4_2.jpg
samm,033,033_1_3,5957,5988,1,033_05957.jpg,033_05988.jpg,033_033_1_3.jpg
samm,033,033_1_5,6889,6926,0,033_06889.jpg,033_06926.jpg,033_033_1_5.jpg
samm,033,033_2_1,695,749,0,033_00695.jpg,033_00749.jpg,033_033_2_1.jpg
samm,033,033_2_2,2117,2149,0,033_02117.jpg,033_02149.jpg,033_033_2_2.jpg
samm,034,034_3_1,3129,3159,0,034_03129.jpg,034_03159.jpg,034_034_3_1.jpg
samm,034,034_7_2,1578,1612,0,034_01578.jpg,034_01612.jpg,034_034_7_2.jpg
samm,034,034_7_3,3636,3672,0,034_03636.jpg,034_03672.jpg,034_034_7_3.jpg
samm,035,035_1_1,9649,9667,0,035_09649.jpg,035_09667.jpg,035_035_1_1.jpg
samm,035,035_4_1,231,245,0,035_00231.jpg,035_00245.jpg,035_035_4_1.jpg
samm,035,035_4_2,1509,1534,0,035_01509.jpg,035_01534.jpg,035_035_4_2.jpg
samm,035,035_5_1,408,427,3,035_00408.jpg,035_00427.jpg,035_035_5_1.jpg
samm,035,035_7_1,7809,7819,4,035_07809.jpg,035_07819.jpg,035_035_7_1.jpg
samm,035,035_7_2,823,855,2,035_00823.jpg,035_00855.jpg,035_035_7_2.jpg
samm,037,037_3_1,3306,3342,3,037_03306.jpg,037_03342.jpg,037_037_3_1.jpg
samm,037,037_3_2,3196,3214,0,037_03196.jpg,037_03214.jpg,037_037_3_2.jpg
samm,037,037_4_1,1488,1529,3,037_01488.jpg,037_01529.jpg,037_037_4_1.jpg
